ccodealp;year;icrg_qog
AGO;1993;0.305555556
AGO;2015;0.319444444
AGO;2016;0.319444444
AGO;2017;0.319444444
AGO;1994;0.328703704
AGO;1992;0.340277778
AGO;2018;0.340277778
AGO;2014;0.344907407
AGO;2013;0.347222222
AGO;1998;0.354166667
AGO;2012;0.356481481
AGO;1999;0.361111111
AGO;2000;0.361111111
AGO;2001;0.361111111
AGO;2002;0.361111111
AGO;2003;0.361111111
AGO;2004;0.361111111
AGO;2005;0.361111111
AGO;2006;0.361111111
AGO;2011;0.375
AGO;2021;0.375
AGO;2019;0.384259259
AGO;1991;0.388888889
AGO;2007;0.388888889
AGO;2020;0.395833333
AGO;1990;0.398148148
AGO;2008;0.402777778
AGO;2009;0.402777778
AGO;2010;0.402777778
AGO;1997;0.405092593
AGO;1995;0.416666667
AGO;2022;0.418981481
AGO;1984;0.444444444
AGO;1985;0.444444444
AGO;1986;0.444444444
AGO;1987;0.444444444
AGO;1988;0.444444444
AGO;1989;0.444444444
AGO;2023;0.444444444
AGO;2024;0.444444444
AGO;2025;0.459490741
AGO;1996;0.527777778
ALB;2000;0.305555556
ALB;2001;0.305555556
ALB;1999;0.347222222
ALB;2002;0.347222222
ALB;2006;0.361111111
ALB;2007;0.361111111
ALB;1997;0.365740741
ALB;1992;0.37962963
ALB;2003;0.388888889
ALB;2004;0.388888889
ALB;2008;0.388888889
ALB;2009;0.388888889
ALB;2005;0.391203704
ALB;2010;0.412037037
ALB;1998;0.416666667
ALB;2011;0.416666667
ALB;2012;0.416666667
ALB;2013;0.416666667
ALB;2014;0.425925926
ALB;2021;0.43287037
ALB;2022;0.44212963
ALB;2015;0.444444444
ALB;2016;0.444444444
ALB;2017;0.444444444
ALB;2023;0.446759259
ALB;2018;0.456018519
ALB;1996;0.458333333
ALB;1991;0.462962963
ALB;2019;0.472222222
ALB;2020;0.472222222
ALB;2024;0.472222222
ALB;1993;0.490740741
ALB;2025;0.523148148
ALB;1985;0.527777778
ALB;1986;0.527777778
ALB;1987;0.527777778
ALB;1988;0.527777778
ALB;1989;0.527777778
ALB;1990;0.527777778
ALB;1995;0.555555556
ALB;1984;0.564814815
ALB;1994;0.564814815
ARE;1984;0.481481481
ARE;1985;0.5
ARE;1986;0.5
ARE;1987;0.5
ARE;1988;0.5
ARE;1989;0.5
ARE;1990;0.5
ARE;1991;0.5
ARE;1992;0.5
ARE;1993;0.5
ARE;1994;0.5
ARE;1995;0.5
ARE;1996;0.5
ARE;1997;0.534722222
ARE;1998;0.583333333
ARE;1999;0.583333333
ARE;2000;0.583333333
ARE;2001;0.583333333
ARE;2002;0.583333333
ARE;2003;0.583333333
ARE;2004;0.583333333
ARE;2005;0.583333333
ARE;2006;0.583333333
ARE;2007;0.583333333
ARE;2008;0.592592593
ARE;2009;0.611111111
ARE;2010;0.657407407
ARE;2011;0.666666667
ARE;2012;0.666666667
ARE;2013;0.666666667
ARE;2014;0.668981481
ARE;2015;0.694444444
ARE;2016;0.694444444
ARE;2017;0.694444444
ARE;2018;0.694444444
ARE;2019;0.694444444
ARE;2020;0.694444444
ARE;2024;0.694444444
ARE;2025;0.694444444
ARE;2021;0.696759259
ARE;2023;0.706018519
ARE;2022;0.722222222
ARG;2003;0.467592593
ARG;2013;0.472222222
ARG;2014;0.472222222
ARG;2015;0.472222222
ARG;2016;0.472222222
ARG;2017;0.472222222
ARG;2018;0.472222222
ARG;2022;0.472222222
ARG;2023;0.472222222
ARG;2024;0.472222222
ARG;2021;0.483796296
ARG;2019;0.497685185
ARG;2020;0.5
ARG;2012;0.50462963
ARG;2002;0.509259259
ARG;2025;0.509259259
ARG;2006;0.527777778
ARG;2007;0.527777778
ARG;2008;0.527777778
ARG;2009;0.527777778
ARG;2010;0.527777778
ARG;2011;0.527777778
ARG;2004;0.534722222
ARG;1984;0.537037037
ARG;1985;0.555555556
ARG;1986;0.555555556
ARG;1987;0.555555556
ARG;1988;0.555555556
ARG;1989;0.555555556
ARG;1990;0.555555556
ARG;1991;0.555555556
ARG;2005;0.555555556
ARG;1992;0.560185185
ARG;1993;0.569444444
ARG;1997;0.590277778
ARG;1994;0.597222222
ARG;1995;0.611111111
ARG;1996;0.611111111
ARG;1998;0.638888889
ARG;1999;0.643518519
ARG;2001;0.671296296
ARG;2000;0.694444444
ARM;2002;0.333333333
ARM;2003;0.333333333
ARM;2004;0.333333333
ARM;2005;0.333333333
ARM;2006;0.333333333
ARM;2007;0.333333333
ARM;2008;0.333333333
ARM;2009;0.333333333
ARM;2010;0.333333333
ARM;2011;0.333333333
ARM;2012;0.333333333
ARM;2013;0.333333333
ARM;2014;0.335648148
ARM;2001;0.358796296
ARM;2000;0.361111111
ARM;2015;0.361111111
ARM;2016;0.361111111
ARM;2017;0.361111111
ARM;2018;0.361111111
ARM;2019;0.361111111
ARM;1999;0.37037037
ARM;2020;0.384259259
ARM;2021;0.388888889
ARM;2022;0.388888889
ARM;2023;0.388888889
ARM;2024;0.388888889
ARM;2025;0.430555556
AUS;2007;0.888888889
AUS;2008;0.888888889
AUS;2009;0.888888889
AUS;2013;0.888888889
AUS;2014;0.888888889
AUS;2015;0.888888889
AUS;2016;0.888888889
AUS;2017;0.888888889
AUS;2018;0.888888889
AUS;2019;0.888888889
AUS;2020;0.888888889
AUS;2021;0.888888889
AUS;2022;0.888888889
AUS;2023;0.888888889
AUS;2024;0.888888889
AUS;2025;0.888888889
AUS;2006;0.895833333
AUS;2012;0.898148148
AUS;2010;0.909722222
AUS;2002;0.916666667
AUS;2003;0.916666667
AUS;2011;0.916666667
AUS;2004;0.921296296
AUS;2005;0.9375
AUS;2001;0.939814815
AUS;1984;0.944444444
AUS;1985;0.944444444
AUS;1986;0.944444444
AUS;1987;0.944444444
AUS;1988;0.944444444
AUS;1989;0.944444444
AUS;1990;0.944444444
AUS;1991;0.944444444
AUS;1992;0.944444444
AUS;1993;0.944444444
AUS;1994;0.944444444
AUS;1995;0.944444444
AUS;1996;0.944444444
AUS;1997;0.944444444
AUS;1998;0.944444444
AUS;1999;0.944444444
AUS;2000;0.944444444
AUT;1998;0.888888889
AUT;1999;0.888888889
AUT;2000;0.888888889
AUT;2024;0.888888889
AUT;2025;0.888888889
AUT;2023;0.900462963
AUT;1984;0.902777778
AUT;1985;0.902777778
AUT;1986;0.902777778
AUT;1987;0.902777778
AUT;1997;0.908564815
AUT;2001;0.916666667
AUT;2012;0.916666667
AUT;2013;0.916666667
AUT;2014;0.916666667
AUT;2015;0.916666667
AUT;2016;0.916666667
AUT;2017;0.916666667
AUT;2018;0.916666667
AUT;2019;0.916666667
AUT;2020;0.916666667
AUT;2021;0.916666667
AUT;2022;0.916666667
AUT;1988;0.927083333
AUT;2011;0.939814815
AUT;1989;0.944444444
AUT;1991;0.944444444
AUT;1992;0.944444444
AUT;1993;0.944444444
AUT;1994;0.944444444
AUT;1995;0.944444444
AUT;1996;0.944444444
AUT;2002;0.944444444
AUT;2003;0.944444444
AUT;2004;0.944444444
AUT;2005;0.944444444
AUT;2006;0.944444444
AUT;2007;0.944444444
AUT;2008;0.944444444
AUT;2009;0.944444444
AUT;2010;0.944444444
AUT;1990;0.949074074
AZE;2006;0.361111111
AZE;2007;0.361111111
AZE;2008;0.361111111
AZE;2009;0.361111111
AZE;2010;0.361111111
AZE;2011;0.361111111
AZE;2012;0.361111111
AZE;2013;0.361111111
AZE;2014;0.361111111
AZE;2015;0.361111111
AZE;2016;0.361111111
AZE;2017;0.361111111
AZE;2018;0.361111111
AZE;2019;0.361111111
AZE;2020;0.361111111
AZE;2021;0.361111111
AZE;2022;0.361111111
AZE;2023;0.361111111
AZE;2024;0.361111111
AZE;2025;0.375
AZE;2005;0.377314815
AZE;2000;0.416666667
AZE;2001;0.416666667
AZE;2002;0.416666667
AZE;2003;0.416666667
AZE;2004;0.416666667
AZE;1999;0.421296296
BEL;1998;0.777777778
BEL;1999;0.777777778
BEL;2000;0.791666667
BEL;1997;0.796296296
BEL;2007;0.805555556
BEL;2008;0.805555556
BEL;2006;0.81712963
BEL;2001;0.833333333
BEL;2002;0.833333333
BEL;2003;0.833333333
BEL;2004;0.833333333
BEL;2005;0.833333333
BEL;2024;0.833333333
BEL;2025;0.833333333
BEL;2023;0.844907407
BEL;2015;0.861111111
BEL;2016;0.861111111
BEL;2017;0.861111111
BEL;2018;0.861111111
BEL;2019;0.861111111
BEL;2020;0.861111111
BEL;2021;0.861111111
BEL;2022;0.861111111
BEL;2014;0.886574074
BEL;2009;0.888888889
BEL;2010;0.888888889
BEL;2011;0.888888889
BEL;2012;0.888888889
BEL;2013;0.888888889
BEL;1995;0.912037037
BEL;1996;0.916666667
BEL;1987;0.944444444
BEL;1988;0.944444444
BEL;1989;0.944444444
BEL;1990;0.944444444
BEL;1991;0.944444444
BEL;1992;0.944444444
BEL;1993;0.944444444
BEL;1994;0.944444444
BEL;1986;0.990740741
BEL;1984;1
BEL;1985;1
BFA;2012;0.361111111
BFA;2013;0.361111111
BFA;2014;0.363425926
BFA;2011;0.37037037
BFA;2003;0.388888889
BFA;2004;0.388888889
BFA;2005;0.388888889
BFA;2006;0.388888889
BFA;2007;0.388888889
BFA;2008;0.388888889
BFA;2009;0.388888889
BFA;2010;0.388888889
BFA;2015;0.388888889
BFA;2002;0.393518519
BFA;2016;0.398148148
BFA;1992;0.416666667
BFA;1998;0.416666667
BFA;1999;0.416666667
BFA;2000;0.416666667
BFA;2001;0.416666667
BFA;2017;0.416666667
BFA;2018;0.416666667
BFA;2019;0.416666667
BFA;2020;0.416666667
BFA;2021;0.416666667
BFA;2024;0.416666667
BFA;2025;0.416666667
BFA;1993;0.435185185
BFA;1997;0.444444444
BFA;1991;0.449074074
BFA;2022;0.456018519
BFA;1994;0.472222222
BFA;1995;0.472222222
BFA;1996;0.472222222
BFA;2023;0.474537037
BFA;1990;0.513888889
BFA;1985;0.555555556
BFA;1986;0.555555556
BFA;1987;0.555555556
BFA;1988;0.555555556
BFA;1989;0.555555556
BGD;1984;0.055555556
BGD;1985;0.055555556
BGD;1986;0.055555556
BGD;1987;0.055555556
BGD;1988;0.055555556
BGD;1989;0.055555556
BGD;1990;0.060185185
BGD;1991;0.111111111
BGD;1992;0.12962963
BGD;2004;0.282407407
BGD;2003;0.287037037
BGD;2002;0.305555556
BGD;1993;0.310185185
BGD;1994;0.361111111
BGD;1995;0.361111111
BGD;1996;0.361111111
BGD;2005;0.361111111
BGD;2001;0.37962963
BGD;2006;0.388888889
BGD;2000;0.393518519
BGD;1997;0.395833333
BGD;2018;0.416666667
BGD;2019;0.416666667
BGD;2020;0.416666667
BGD;2007;0.425925926
BGD;2017;0.430555556
BGD;2021;0.430555556
BGD;1999;0.444444444
BGD;2008;0.444444444
BGD;2011;0.444444444
BGD;2012;0.444444444
BGD;2013;0.444444444
BGD;2014;0.444444444
BGD;2015;0.444444444
BGD;2016;0.444444444
BGD;1998;0.458333333
BGD;2022;0.458333333
BGD;2023;0.458333333
BGD;2024;0.458333333
BGD;2025;0.458333333
BGD;2009;0.460648148
BGD;2010;0.462962963
BGR;2007;0.416666667
BGR;2008;0.416666667
BGR;2009;0.416666667
BGR;2010;0.416666667
BGR;2011;0.416666667
BGR;2012;0.416666667
BGR;2013;0.416666667
BGR;2014;0.418981481
BGR;2015;0.453703704
BGR;2006;0.479166667
BGR;2016;0.486111111
BGR;2021;0.486111111
BGR;2001;0.5
BGR;2002;0.5
BGR;2003;0.5
BGR;2004;0.5
BGR;2005;0.5
BGR;2017;0.5
BGR;2018;0.5
BGR;2019;0.5
BGR;2020;0.5
BGR;2022;0.5
BGR;2023;0.5
BGR;2024;0.5
BGR;2025;0.5
BGR;2000;0.569444444
BGR;1989;0.611111111
BGR;1990;0.611111111
BGR;1997;0.611111111
BGR;1998;0.611111111
BGR;1999;0.611111111
BGR;1991;0.615740741
BGR;1988;0.662037037
BGR;1984;0.666666667
BGR;1985;0.666666667
BGR;1986;0.666666667
BGR;1987;0.666666667
BGR;1995;0.666666667
BGR;1994;0.680555556
BGR;1996;0.689814815
BGR;1992;0.703703704
BGR;1993;0.722222222
BHR;2002;0.555555556
BHR;2003;0.555555556
BHR;2004;0.555555556
BHR;2005;0.555555556
BHR;2006;0.555555556
BHR;2007;0.555555556
BHR;2008;0.555555556
BHR;2009;0.555555556
BHR;2016;0.555555556
BHR;2017;0.555555556
BHR;2018;0.555555556
BHR;2019;0.555555556
BHR;2015;0.560185185
BHR;2010;0.578703704
BHR;2011;0.583333333
BHR;2013;0.583333333
BHR;2014;0.583333333
BHR;2012;0.585648148
BHR;2001;0.590277778
BHR;2020;0.59375
BHR;1997;0.611111111
BHR;1998;0.611111111
BHR;1999;0.611111111
BHR;2000;0.611111111
BHR;2021;0.62037037
BHR;2022;0.625
BHR;2023;0.625
BHR;2024;0.625
BHR;2025;0.625
BHR;1996;0.62962963
BHR;1984;0.638888889
BHR;1985;0.638888889
BHR;1986;0.638888889
BHR;1987;0.638888889
BHR;1988;0.638888889
BHR;1989;0.638888889
BHR;1990;0.638888889
BHR;1991;0.685185185
BHR;1995;0.743055556
BHR;1992;0.75
BHR;1993;0.791666667
BHR;1994;0.805555556
BHS;1985;0.472222222
BHS;1986;0.472222222
BHS;1987;0.472222222
BHS;1988;0.472222222
BHS;1989;0.472222222
BHS;1990;0.472222222
BHS;1991;0.472222222
BHS;1992;0.476851852
BHS;1993;0.652777778
BHS;1994;0.694444444
BHS;1995;0.694444444
BHS;1996;0.694444444
BHS;1997;0.694444444
BHS;1998;0.694444444
BHS;1999;0.694444444
BHS;2000;0.694444444
BHS;2001;0.694444444
BHS;2002;0.694444444
BHS;2003;0.694444444
BHS;2004;0.710648148
BHS;2005;0.722222222
BHS;2006;0.722222222
BHS;2007;0.722222222
BHS;2008;0.722222222
BHS;2009;0.722222222
BHS;2010;0.722222222
BHS;2011;0.722222222
BHS;2012;0.722222222
BHS;2013;0.722222222
BHS;2017;0.722222222
BHS;2018;0.722222222
BHS;2019;0.722222222
BHS;2020;0.722222222
BHS;2021;0.722222222
BHS;2022;0.722222222
BHS;2023;0.722222222
BHS;2024;0.722222222
BHS;2025;0.722222222
BHS;2014;0.724537037
BHS;2016;0.726851852
BHS;2015;0.75
BLR;2023;0.347222222
BLR;2024;0.347222222
BLR;2025;0.347222222
BLR;2022;0.356481481
BLR;2013;0.361111111
BLR;2014;0.363425926
BLR;2012;0.375
BLR;2021;0.386574074
BLR;2015;0.399305556
BLR;2002;0.416666667
BLR;2003;0.416666667
BLR;2004;0.416666667
BLR;2005;0.416666667
BLR;2006;0.416666667
BLR;2007;0.416666667
BLR;2008;0.416666667
BLR;2009;0.416666667
BLR;2010;0.416666667
BLR;2011;0.416666667
BLR;2016;0.430555556
BLR;2017;0.430555556
BLR;2018;0.430555556
BLR;2019;0.430555556
BLR;2020;0.430555556
BLR;2001;0.462962963
BLR;2000;0.490740741
BLR;1998;0.527777778
BLR;1999;0.527777778
BOL;1985;0.111111111
BOL;1986;0.111111111
BOL;1984;0.12037037
BOL;1987;0.12037037
BOL;1988;0.166666667
BOL;1989;0.166666667
BOL;1990;0.166666667
BOL;1991;0.166666667
BOL;1992;0.208333333
BOL;1993;0.263888889
BOL;1994;0.365740741
BOL;2012;0.398148148
BOL;2022;0.405092593
BOL;2021;0.414351852
BOL;1995;0.416666667
BOL;1996;0.416666667
BOL;2010;0.416666667
BOL;2011;0.416666667
BOL;2023;0.430555556
BOL;2025;0.430555556
BOL;2009;0.44212963
BOL;2002;0.444444444
BOL;2003;0.444444444
BOL;2004;0.444444444
BOL;2005;0.444444444
BOL;2006;0.444444444
BOL;2007;0.444444444
BOL;2008;0.444444444
BOL;2013;0.445601852
BOL;2020;0.446759259
BOL;2024;0.449074074
BOL;1997;0.451388889
BOL;2014;0.458333333
BOL;2015;0.458333333
BOL;2016;0.458333333
BOL;2017;0.458333333
BOL;2018;0.458333333
BOL;2019;0.458333333
BOL;2001;0.49537037
BOL;1998;0.5
BOL;1999;0.5
BOL;2000;0.5
BRA;2002;0.384259259
BRA;2007;0.388888889
BRA;2015;0.388888889
BRA;2016;0.388888889
BRA;2017;0.388888889
BRA;2018;0.388888889
BRA;2005;0.407407407
BRA;2008;0.407407407
BRA;2004;0.412037037
BRA;2006;0.414351852
BRA;2014;0.414351852
BRA;2013;0.416666667
BRA;2023;0.416666667
BRA;2024;0.416666667
BRA;2012;0.425925926
BRA;2001;0.435185185
BRA;2019;0.435185185
BRA;1998;0.444444444
BRA;1999;0.444444444
BRA;2000;0.444444444
BRA;2009;0.444444444
BRA;2010;0.444444444
BRA;2011;0.444444444
BRA;2025;0.452546296
BRA;2022;0.454861111
BRA;2021;0.462962963
BRA;2003;0.472222222
BRA;2020;0.486111111
BRA;1997;0.530092593
BRA;1995;0.583333333
BRA;1996;0.583333333
BRA;1994;0.587962963
BRA;1984;0.638888889
BRA;1992;0.680555556
BRA;1993;0.680555556
BRA;1985;0.694444444
BRA;1986;0.694444444
BRA;1987;0.694444444
BRA;1988;0.694444444
BRA;1989;0.694444444
BRA;1990;0.694444444
BRA;1991;0.694444444
BRN;2005;0.638888889
BRN;2020;0.680555556
BRN;2021;0.680555556
BRN;2006;0.684027778
BRN;2022;0.6875
BRN;2019;0.699074074
BRN;2007;0.708333333
BRN;2008;0.708333333
BRN;2009;0.708333333
BRN;2010;0.708333333
BRN;2011;0.708333333
BRN;2012;0.708333333
BRN;2013;0.708333333
BRN;2014;0.708333333
BRN;2015;0.708333333
BRN;2016;0.708333333
BRN;2023;0.708333333
BRN;2024;0.708333333
BRN;2025;0.708333333
BRN;2002;0.722222222
BRN;2003;0.722222222
BRN;2004;0.722222222
BRN;2017;0.726851852
BRN;2001;0.731481481
BRN;2018;0.736111111
BRN;1999;0.75
BRN;2000;0.75
BRN;1998;0.782407407
BRN;1991;0.788194444
BRN;1984;0.791666667
BRN;1985;0.791666667
BRN;1986;0.791666667
BRN;1987;0.791666667
BRN;1988;0.791666667
BRN;1989;0.791666667
BRN;1990;0.791666667
BRN;1992;0.791666667
BRN;1993;0.791666667
BRN;1994;0.791666667
BRN;1997;0.829861111
BRN;1995;0.842592593
BRN;1996;0.847222222
BWA;2002;0.527777778
BWA;2003;0.527777778
BWA;2004;0.534722222
BWA;2019;0.539351852
BWA;2001;0.546296296
BWA;1997;0.555555556
BWA;1998;0.555555556
BWA;1999;0.555555556
BWA;2000;0.555555556
BWA;2005;0.555555556
BWA;2008;0.555555556
BWA;2009;0.555555556
BWA;2010;0.555555556
BWA;2011;0.555555556
BWA;2012;0.555555556
BWA;2013;0.555555556
BWA;2018;0.555555556
BWA;2014;0.55787037
BWA;2006;0.564814815
BWA;2017;0.564814815
BWA;2020;0.569444444
BWA;1996;0.583333333
BWA;2015;0.583333333
BWA;2016;0.583333333
BWA;2021;0.583333333
BWA;2022;0.601851852
BWA;2007;0.604166667
BWA;1993;0.611111111
BWA;1994;0.611111111
BWA;1995;0.611111111
BWA;2023;0.625
BWA;2024;0.625
BWA;2025;0.625
BWA;1992;0.659722222
BWA;1985;0.736111111
BWA;1986;0.75
BWA;1987;0.75
BWA;1988;0.75
BWA;1989;0.773148148
BWA;1990;0.805555556
BWA;1991;0.805555556
CAN;2022;0.886574074
CAN;2021;0.888888889
CAN;2023;0.888888889
CAN;2024;0.888888889
CAN;2025;0.888888889
CAN;2004;0.898148148
CAN;2020;0.905092593
CAN;2002;0.916666667
CAN;2003;0.916666667
CAN;2010;0.916666667
CAN;2011;0.916666667
CAN;2012;0.916666667
CAN;2013;0.916666667
CAN;2014;0.916666667
CAN;2015;0.916666667
CAN;2016;0.916666667
CAN;2017;0.916666667
CAN;2018;0.916666667
CAN;2019;0.916666667
CAN;2009;0.921296296
CAN;2006;0.944444444
CAN;2007;0.944444444
CAN;2008;0.944444444
CAN;2005;0.946759259
CAN;2001;0.990740741
CAN;1984;1
CAN;1985;1
CAN;1986;1
CAN;1987;1
CAN;1988;1
CAN;1989;1
CAN;1990;1
CAN;1991;1
CAN;1992;1
CAN;1993;1
CAN;1994;1
CAN;1995;1
CAN;1996;1
CAN;1997;1
CAN;1998;1
CAN;1999;1
CAN;2000;1
CHE;2002;0.861111111
CHE;2003;0.861111111
CHE;2004;0.861111111
CHE;2005;0.861111111
CHE;2006;0.861111111
CHE;2007;0.861111111
CHE;2008;0.861111111
CHE;2009;0.861111111
CHE;2010;0.861111111
CHE;2011;0.861111111
CHE;2012;0.87962963
CHE;2013;0.888888889
CHE;2014;0.888888889
CHE;2015;0.888888889
CHE;2016;0.888888889
CHE;2017;0.888888889
CHE;2018;0.888888889
CHE;2019;0.888888889
CHE;2020;0.888888889
CHE;2021;0.888888889
CHE;2022;0.888888889
CHE;2023;0.888888889
CHE;2024;0.888888889
CHE;2025;0.888888889
CHE;2001;0.928240741
CHE;1997;0.944444444
CHE;1998;0.944444444
CHE;1999;0.944444444
CHE;2000;0.944444444
CHE;1996;0.972222222
CHE;1984;1
CHE;1985;1
CHE;1986;1
CHE;1987;1
CHE;1988;1
CHE;1989;1
CHE;1990;1
CHE;1991;1
CHE;1992;1
CHE;1993;1
CHE;1994;1
CHE;1995;1
CHL;1985;0.555555556
CHL;1986;0.555555556
CHL;1987;0.555555556
CHL;1988;0.555555556
CHL;1989;0.555555556
CHL;1990;0.555555556
CHL;1991;0.555555556
CHL;1992;0.555555556
CHL;1993;0.555555556
CHL;1994;0.597222222
CHL;1995;0.611111111
CHL;1984;0.622685185
CHL;2004;0.666666667
CHL;2022;0.666666667
CHL;2023;0.666666667
CHL;2003;0.678240741
CHL;2021;0.678240741
CHL;2024;0.6875
CHL;1996;0.69212963
CHL;2020;0.694444444
CHL;2025;0.694444444
CHL;2019;0.717592593
CHL;2018;0.722222222
CHL;2017;0.731481481
CHL;1997;0.75
CHL;1998;0.75
CHL;1999;0.75
CHL;2000;0.75
CHL;2001;0.75
CHL;2002;0.75
CHL;2011;0.75
CHL;2012;0.75
CHL;2013;0.75
CHL;2014;0.75
CHL;2015;0.75
CHL;2016;0.75
CHL;2010;0.75462963
CHL;2005;0.777777778
CHL;2006;0.777777778
CHL;2007;0.777777778
CHL;2008;0.777777778
CHL;2009;0.777777778
CHN;2001;0.444444444
CHN;2021;0.444444444
CHN;2022;0.444444444
CHN;2023;0.444444444
CHN;2024;0.444444444
CHN;2025;0.444444444
CHN;2002;0.472222222
CHN;2012;0.472222222
CHN;2013;0.472222222
CHN;2014;0.472222222
CHN;2015;0.472222222
CHN;2016;0.472222222
CHN;2017;0.472222222
CHN;2018;0.472222222
CHN;2019;0.472222222
CHN;2020;0.472222222
CHN;2011;0.479166667
CHN;2000;0.490740741
CHN;2010;0.50462963
CHN;1986;0.509259259
CHN;1987;0.509259259
CHN;2006;0.520833333
CHN;2003;0.523148148
CHN;2004;0.527777778
CHN;2005;0.527777778
CHN;2007;0.534722222
CHN;1984;0.535714286
CHN;1985;0.555555556
CHN;1988;0.555555556
CHN;1989;0.555555556
CHN;1990;0.555555556
CHN;1991;0.555555556
CHN;1997;0.555555556
CHN;1998;0.555555556
CHN;1999;0.555555556
CHN;2008;0.555555556
CHN;2009;0.555555556
CHN;1996;0.597222222
CHN;1992;0.648148148
CHN;1994;0.666666667
CHN;1993;0.694444444
CHN;1995;0.722222222
CIV;2005;0.222222222
CIV;2006;0.222222222
CIV;2013;0.222222222
CIV;2007;0.224537037
CIV;2014;0.226851852
CIV;2012;0.231481481
CIV;2011;0.25
CIV;2015;0.25
CIV;2016;0.25
CIV;2017;0.25
CIV;2018;0.25
CIV;2019;0.25
CIV;2020;0.25
CIV;2021;0.252314815
CIV;2010;0.256944444
CIV;2008;0.273148148
CIV;2004;0.277777778
CIV;2009;0.277777778
CIV;2000;0.296296296
CIV;2002;0.305555556
CIV;2003;0.305555556
CIV;2001;0.324074074
CIV;2022;0.347222222
CIV;2023;0.361111111
CIV;2024;0.375
CIV;2025;0.388888889
CIV;1998;0.444444444
CIV;1999;0.444444444
CIV;1997;0.493055556
CIV;1990;0.560185185
CIV;1984;0.578703704
CIV;1996;0.583333333
CIV;1991;0.62962963
CIV;1985;0.638888889
CIV;1986;0.638888889
CIV;1987;0.638888889
CIV;1988;0.638888889
CIV;1989;0.638888889
CIV;1992;0.638888889
CIV;1993;0.638888889
CIV;1994;0.638888889
CIV;1995;0.638888889
CMR;2001;0.305555556
CMR;2002;0.305555556
CMR;2003;0.305555556
CMR;2004;0.305555556
CMR;2005;0.305555556
CMR;2000;0.319444444
CMR;2018;0.319444444
CMR;2019;0.319444444
CMR;2020;0.319444444
CMR;2021;0.319444444
CMR;2022;0.319444444
CMR;2023;0.319444444
CMR;2024;0.319444444
CMR;2025;0.319444444
CMR;2017;0.328703704
CMR;2013;0.347222222
CMR;2014;0.347222222
CMR;2015;0.347222222
CMR;2016;0.347222222
CMR;2006;0.351851852
CMR;2012;0.356481481
CMR;1998;0.361111111
CMR;1999;0.361111111
CMR;2011;0.375
CMR;2007;0.381944444
CMR;2010;0.388888889
CMR;2008;0.428240741
CMR;2009;0.444444444
CMR;1984;0.451388889
CMR;1997;0.486111111
CMR;1985;0.527777778
CMR;1986;0.527777778
CMR;1987;0.527777778
CMR;1988;0.527777778
CMR;1989;0.527777778
CMR;1992;0.527777778
CMR;1993;0.527777778
CMR;1994;0.555555556
CMR;1991;0.564814815
CMR;1990;0.583333333
CMR;1995;0.583333333
CMR;1996;0.583333333
COD;1984;0.055555556
COD;1985;0.076388889
COD;1992;0.083333333
COD;1999;0.111111111
COD;2000;0.111111111
COD;2001;0.111111111
COD;2002;0.111111111
COD;2003;0.111111111
COD;2004;0.111111111
COD;2005;0.111111111
COD;2006;0.111111111
COD;2007;0.111111111
COD;2008;0.111111111
COD;2018;0.111111111
COD;2019;0.111111111
COD;2020;0.111111111
COD;2017;0.12037037
COD;2009;0.122685185
COD;1993;0.125
COD;1991;0.134259259
COD;1986;0.138888889
COD;1987;0.138888889
COD;1988;0.138888889
COD;1989;0.138888889
COD;1990;0.138888889
COD;1994;0.138888889
COD;1995;0.138888889
COD;1996;0.138888889
COD;2010;0.138888889
COD;2011;0.138888889
COD;2012;0.138888889
COD;2013;0.138888889
COD;2014;0.138888889
COD;2015;0.138888889
COD;2016;0.138888889
COD;2021;0.164351852
COD;2022;0.166666667
COD;2023;0.166666667
COD;2024;0.166666667
COD;2025;0.166666667
COD;1998;0.185185185
COD;1997;0.1875
COG;2018;0.25
COG;2019;0.25
COG;2020;0.25
COG;2021;0.25
COG;2023;0.25
COG;2024;0.25
COG;2025;0.25
COG;2022;0.256944444
COG;2017;0.259259259
COG;2013;0.277777778
COG;2014;0.277777778
COG;2015;0.277777778
COG;2016;0.277777778
COG;2012;0.287037037
COG;2003;0.305555556
COG;2004;0.305555556
COG;2005;0.305555556
COG;2006;0.305555556
COG;2007;0.305555556
COG;2008;0.305555556
COG;2009;0.305555556
COG;2010;0.305555556
COG;2011;0.305555556
COG;1985;0.361111111
COG;1986;0.361111111
COG;1987;0.361111111
COG;1988;0.361111111
COG;1989;0.361111111
COG;1990;0.361111111
COG;1991;0.361111111
COG;1992;0.361111111
COG;1993;0.361111111
COG;1998;0.361111111
COG;1999;0.361111111
COG;2002;0.361111111
COG;1994;0.384259259
COG;1997;0.402777778
COG;2000;0.402777778
COG;1995;0.416666667
COG;1996;0.416666667
COG;2001;0.416666667
COL;2001;0.333333333
COL;2000;0.342592593
COL;1998;0.361111111
COL;1997;0.365740741
COL;2002;0.365740741
COL;1999;0.388888889
COL;2003;0.388888889
COL;2004;0.388888889
COL;2005;0.388888889
COL;2007;0.388888889
COL;2022;0.388888889
COL;2023;0.388888889
COL;2024;0.388888889
COL;2025;0.388888889
COL;2006;0.395833333
COL;2021;0.400462963
COL;2013;0.416666667
COL;2014;0.416666667
COL;2015;0.416666667
COL;2016;0.416666667
COL;2017;0.416666667
COL;2018;0.416666667
COL;2019;0.416666667
COL;2020;0.416666667
COL;2008;0.418981481
COL;2012;0.425925926
COL;2009;0.444444444
COL;2010;0.444444444
COL;2011;0.444444444
COL;1985;0.472222222
COL;1986;0.472222222
COL;1987;0.472222222
COL;1988;0.472222222
COL;1989;0.472222222
COL;1990;0.472222222
COL;1991;0.472222222
COL;1992;0.472222222
COL;1993;0.472222222
COL;1996;0.49537037
COL;1984;0.509259259
COL;1994;0.518518519
COL;1995;0.527777778
CRI;2019;0.444444444
CRI;2020;0.444444444
CRI;2021;0.444444444
CRI;2022;0.444444444
CRI;2023;0.444444444
CRI;2024;0.444444444
CRI;2025;0.444444444
CRI;2011;0.453703704
CRI;2018;0.460648148
CRI;2012;0.462962963
CRI;2006;0.472222222
CRI;2008;0.472222222
CRI;2009;0.472222222
CRI;2010;0.472222222
CRI;2013;0.472222222
CRI;2014;0.474537037
CRI;2017;0.481481481
CRI;2007;0.5
CRI;2015;0.5
CRI;2016;0.5
CRI;2005;0.509259259
CRI;2003;0.527777778
CRI;2004;0.527777778
CRI;2002;0.553240741
CRI;2001;0.638888889
CRI;1984;0.666666667
CRI;1985;0.666666667
CRI;1986;0.666666667
CRI;1987;0.666666667
CRI;1988;0.666666667
CRI;1989;0.666666667
CRI;1990;0.666666667
CRI;1991;0.666666667
CRI;1992;0.666666667
CRI;1993;0.666666667
CRI;1994;0.666666667
CRI;1995;0.666666667
CRI;1996;0.666666667
CRI;1997;0.666666667
CRI;1998;0.666666667
CRI;1999;0.666666667
CRI;2000;0.666666667
CSK;1984;0.666666667
CSK;1985;0.666666667
CSK;1986;0.666666667
CSK;1987;0.666666667
CSK;1988;0.666666667
CSK;1989;0.666666667
CSK;1990;0.756944444
CSK;1991;0.805555556
CSK;1992;0.805555556
CUB;2009;0.472222222
CUB;2013;0.472222222
CUB;2014;0.472222222
CUB;2015;0.472222222
CUB;2016;0.472222222
CUB;2008;0.476851852
CUB;2012;0.481481481
CUB;2017;0.490740741
CUB;2010;0.493055556
CUB;2000;0.5
CUB;2011;0.5
CUB;2018;0.5
CUB;1999;0.509259259
CUB;2019;0.513888889
CUB;2025;0.513888889
CUB;2001;0.516203704
CUB;1996;0.527777778
CUB;2002;0.527777778
CUB;2003;0.527777778
CUB;2004;0.527777778
CUB;2005;0.527777778
CUB;2006;0.527777778
CUB;2007;0.527777778
CUB;2024;0.527777778
CUB;2020;0.541666667
CUB;2022;0.541666667
CUB;2023;0.541666667
CUB;1997;0.543981481
CUB;1998;0.555555556
CUB;2021;0.574074074
CUB;1990;0.606481481
CUB;1985;0.611111111
CUB;1986;0.611111111
CUB;1987;0.611111111
CUB;1988;0.611111111
CUB;1989;0.611111111
CUB;1991;0.611111111
CUB;1992;0.611111111
CUB;1993;0.611111111
CUB;1994;0.611111111
CUB;1995;0.611111111
CYP;1985;0.527777778
CYP;1986;0.527777778
CYP;1987;0.527777778
CYP;1988;0.560185185
CYP;1989;0.583333333
CYP;1990;0.634259259
CYP;1991;0.671296296
CYP;2023;0.761574074
CYP;2024;0.775462963
CYP;2022;0.777777778
CYP;2025;0.777777778
CYP;2021;0.789351852
CYP;1992;0.798611111
CYP;2018;0.805555556
CYP;2019;0.805555556
CYP;2020;0.805555556
CYP;2017;0.814814815
CYP;1999;0.833333333
CYP;2000;0.833333333
CYP;2001;0.833333333
CYP;2002;0.833333333
CYP;2003;0.833333333
CYP;2004;0.833333333
CYP;2005;0.833333333
CYP;2006;0.833333333
CYP;2007;0.833333333
CYP;2008;0.833333333
CYP;2009;0.833333333
CYP;2010;0.833333333
CYP;2011;0.833333333
CYP;2012;0.833333333
CYP;2013;0.833333333
CYP;2014;0.833333333
CYP;2015;0.833333333
CYP;2016;0.833333333
CYP;1993;0.847222222
CYP;1994;0.847222222
CYP;1995;0.847222222
CYP;1996;0.847222222
CYP;1997;0.864583333
CYP;1998;0.87962963
CZE;2003;0.666666667
CZE;2004;0.666666667
CZE;2005;0.666666667
CZE;2006;0.666666667
CZE;2007;0.666666667
CZE;2008;0.666666667
CZE;2009;0.666666667
CZE;2010;0.666666667
CZE;2011;0.666666667
CZE;2012;0.666666667
CZE;2013;0.666666667
CZE;2014;0.668981481
CZE;2019;0.685185185
CZE;2002;0.6875
CZE;2015;0.694444444
CZE;2016;0.694444444
CZE;2017;0.694444444
CZE;2018;0.694444444
CZE;2020;0.694444444
CZE;2021;0.694444444
CZE;2022;0.694444444
CZE;2023;0.694444444
CZE;2024;0.694444444
CZE;2025;0.694444444
CZE;2001;0.740740741
CZE;1998;0.75
CZE;1999;0.75
CZE;2000;0.75
CZE;1993;0.787037037
CZE;1994;0.791666667
CZE;1997;0.800925926
CZE;1995;0.805555556
CZE;1996;0.805555556
DDR;1984;0.722222222
DDR;1985;0.722222222
DDR;1986;0.722222222
DDR;1987;0.722222222
DDR;1988;0.722222222
DDR;1989;0.722222222
DDR;1990;0.75308642
DEU;2001;0.833333333
DEU;2002;0.833333333
DEU;2003;0.844907407
DEU;1985;0.856481481
DEU;2004;0.861111111
DEU;2024;0.861111111
DEU;2025;0.861111111
DEU;2005;0.863425926
DEU;2000;0.87037037
DEU;2023;0.872685185
DEU;1986;0.884259259
DEU;2006;0.888888889
DEU;2007;0.888888889
DEU;2008;0.888888889
DEU;2009;0.888888889
DEU;2010;0.888888889
DEU;2011;0.888888889
DEU;2012;0.888888889
DEU;2013;0.888888889
DEU;2014;0.888888889
DEU;2015;0.888888889
DEU;2016;0.888888889
DEU;2017;0.888888889
DEU;2018;0.888888889
DEU;2019;0.888888889
DEU;2020;0.888888889
DEU;2021;0.888888889
DEU;2022;0.888888889
DEU;1984;0.888888889
DEU;1987;0.888888889
DEU;1988;0.936342593
DEU;1999;0.939814815
DEU;1991;0.944444444
DEU;1993;0.944444444
DEU;1997;0.944444444
DEU;1998;0.944444444
DEU;1989;0.944444444
DEU;1990;0.944444444
DEU;1992;0.962962963
DEU;1996;0.976851852
DEU;1994;0.986111111
DEU;1995;1
DNK;2001;0.967592593
DNK;2017;0.967592593
DNK;2002;0.972222222
DNK;2003;0.972222222
DNK;2004;0.972222222
DNK;2005;0.972222222
DNK;2006;0.972222222
DNK;2007;0.972222222
DNK;2008;0.972222222
DNK;2009;0.972222222
DNK;2010;0.972222222
DNK;2011;0.972222222
DNK;2012;0.972222222
DNK;2013;0.972222222
DNK;2014;0.972222222
DNK;2015;0.972222222
DNK;2016;0.972222222
DNK;2018;0.972222222
DNK;2019;0.972222222
DNK;2020;0.99537037
DNK;1984;1
DNK;1985;1
DNK;1986;1
DNK;1987;1
DNK;1988;1
DNK;1989;1
DNK;1990;1
DNK;1991;1
DNK;1992;1
DNK;1993;1
DNK;1994;1
DNK;1995;1
DNK;1996;1
DNK;1997;1
DNK;1998;1
DNK;1999;1
DNK;2000;1
DNK;2021;1
DNK;2022;1
DNK;2023;1
DNK;2024;1
DNK;2025;1
DOM;2002;0.305555556
DOM;2003;0.305555556
DOM;2004;0.305555556
DOM;2005;0.305555556
DOM;2013;0.305555556
DOM;2012;0.314814815
DOM;2006;0.31712963
DOM;2014;0.31712963
DOM;2015;0.324074074
DOM;2016;0.328703704
DOM;2007;0.333333333
DOM;2008;0.333333333
DOM;2009;0.333333333
DOM;2010;0.333333333
DOM;2011;0.333333333
DOM;2022;0.333333333
DOM;2023;0.333333333
DOM;2024;0.333333333
DOM;2017;0.340277778
DOM;2018;0.342592593
DOM;2021;0.344907407
DOM;2025;0.354166667
DOM;2019;0.361111111
DOM;2020;0.361111111
DOM;2001;0.472222222
DOM;1984;0.5
DOM;1985;0.5
DOM;1986;0.5
DOM;1987;0.5
DOM;1988;0.5
DOM;1989;0.5
DOM;1990;0.5
DOM;1991;0.5
DOM;1992;0.5
DOM;1993;0.527777778
DOM;1998;0.527777778
DOM;1999;0.527777778
DOM;2000;0.527777778
DOM;1994;0.555555556
DOM;1995;0.555555556
DOM;1996;0.574074074
DOM;1997;0.576388889
DZA;1992;0.356481481
DZA;1984;0.361111111
DZA;1993;0.361111111
DZA;2002;0.361111111
DZA;2003;0.361111111
DZA;2004;0.384259259
DZA;2001;0.386574074
DZA;1999;0.388888889
DZA;2000;0.388888889
DZA;1998;0.393518519
DZA;1985;0.416666667
DZA;1986;0.416666667
DZA;1994;0.416666667
DZA;1995;0.416666667
DZA;1996;0.416666667
DZA;2005;0.416666667
DZA;2006;0.416666667
DZA;2007;0.416666667
DZA;2008;0.416666667
DZA;2009;0.416666667
DZA;1987;0.421296296
DZA;1997;0.423611111
DZA;2021;0.428240741
DZA;2022;0.434027778
DZA;2010;0.439814815
DZA;2011;0.444444444
DZA;2012;0.444444444
DZA;2013;0.444444444
DZA;2014;0.444444444
DZA;2015;0.444444444
DZA;2016;0.444444444
DZA;2017;0.444444444
DZA;2018;0.444444444
DZA;2019;0.444444444
DZA;2020;0.444444444
DZA;2023;0.458333333
DZA;2024;0.458333333
DZA;2025;0.474537037
DZA;1991;0.488425926
DZA;1988;0.548611111
DZA;1989;0.583333333
DZA;1990;0.587962963
ECU;2015;0.416666667
ECU;2016;0.416666667
ECU;2017;0.416666667
ECU;2018;0.416666667
ECU;2002;0.423611111
ECU;2014;0.44212963
ECU;2011;0.444444444
ECU;2012;0.444444444
ECU;2013;0.444444444
ECU;2010;0.451388889
ECU;2019;0.456018519
ECU;2006;0.472222222
ECU;2007;0.472222222
ECU;2008;0.472222222
ECU;2009;0.472222222
ECU;2020;0.472222222
ECU;2005;0.479166667
ECU;2001;0.486111111
ECU;1999;0.5
ECU;2000;0.5
ECU;2003;0.5
ECU;2004;0.5
ECU;2022;0.5
ECU;2023;0.5
ECU;2021;0.50462963
ECU;1998;0.518518519
ECU;2024;0.520833333
ECU;1984;0.555555556
ECU;1985;0.555555556
ECU;1986;0.555555556
ECU;1987;0.555555556
ECU;1988;0.555555556
ECU;1989;0.555555556
ECU;1990;0.555555556
ECU;1991;0.555555556
ECU;1992;0.555555556
ECU;1993;0.555555556
ECU;1994;0.555555556
ECU;1995;0.555555556
ECU;1996;0.578703704
ECU;1997;0.578703704
ECU;2025;0.585648148
EGY;1984;0.324074074
EGY;1988;0.388888889
EGY;1989;0.388888889
EGY;1990;0.388888889
EGY;1991;0.388888889
EGY;2012;0.4375
EGY;1985;0.444444444
EGY;1986;0.444444444
EGY;1987;0.444444444
EGY;2013;0.444444444
EGY;2014;0.444444444
EGY;2015;0.444444444
EGY;2016;0.444444444
EGY;2017;0.444444444
EGY;2018;0.444444444
EGY;2011;0.446759259
EGY;2024;0.458333333
EGY;2023;0.469907407
EGY;2002;0.472222222
EGY;2003;0.472222222
EGY;2004;0.472222222
EGY;2005;0.472222222
EGY;2008;0.472222222
EGY;2009;0.472222222
EGY;2010;0.472222222
EGY;2019;0.475694444
EGY;1992;0.476851852
EGY;2006;0.486111111
EGY;2020;0.486111111
EGY;2021;0.486111111
EGY;2022;0.486111111
EGY;2001;0.497685185
EGY;2007;0.497685185
EGY;1997;0.5
EGY;1998;0.5
EGY;1999;0.5
EGY;2000;0.5
EGY;1996;0.50462963
EGY;2025;0.509259259
EGY;1993;0.550925926
EGY;1995;0.601851852
EGY;1994;0.606481481
ESP;1985;0.694444444
ESP;1986;0.694444444
ESP;1987;0.694444444
ESP;1988;0.694444444
ESP;1989;0.694444444
ESP;1990;0.694444444
ESP;2024;0.694444444
ESP;2025;0.694444444
ESP;1991;0.703703704
ESP;2023;0.706018519
ESP;1984;0.722222222
ESP;1999;0.722222222
ESP;2015;0.722222222
ESP;2016;0.722222222
ESP;2017;0.722222222
ESP;2018;0.722222222
ESP;2019;0.722222222
ESP;2020;0.722222222
ESP;2021;0.722222222
ESP;2022;0.722222222
ESP;2000;0.736111111
ESP;2004;0.747685185
ESP;2014;0.747685185
ESP;1998;0.75
ESP;2005;0.75
ESP;2006;0.75
ESP;2007;0.75
ESP;2008;0.75
ESP;2009;0.75
ESP;2010;0.75
ESP;2011;0.75
ESP;2012;0.75
ESP;2013;0.75
ESP;1995;0.756944444
ESP;2001;0.766203704
ESP;2002;0.766203704
ESP;2003;0.777777778
ESP;1994;0.828703704
ESP;1997;0.834490741
ESP;1996;0.856481481
ESP;1992;0.861111111
ESP;1993;0.861111111
EST;2002;0.597222222
EST;2003;0.597222222
EST;2004;0.597222222
EST;2005;0.597222222
EST;2006;0.597222222
EST;2007;0.597222222
EST;2008;0.597222222
EST;2009;0.597222222
EST;2010;0.597222222
EST;2011;0.597222222
EST;2012;0.615740741
EST;2013;0.625
EST;2014;0.627314815
EST;2015;0.652777778
EST;2016;0.652777778
EST;2017;0.652777778
EST;2018;0.652777778
EST;2019;0.652777778
EST;2020;0.652777778
EST;2021;0.652777778
EST;2022;0.652777778
EST;2023;0.652777778
EST;2024;0.652777778
EST;2001;0.689814815
EST;2025;0.701388889
EST;1999;0.75
EST;2000;0.75
ETH;1992;0.097222222
ETH;1991;0.203703704
ETH;1993;0.222222222
ETH;1990;0.277777778
ETH;1994;0.319444444
ETH;1989;0.328703704
ETH;1985;0.333333333
ETH;1986;0.333333333
ETH;1987;0.333333333
ETH;1988;0.333333333
ETH;1995;0.414351852
ETH;2012;0.467592593
ETH;2007;0.469907407
ETH;1996;0.472222222
ETH;1997;0.472222222
ETH;1998;0.472222222
ETH;1999;0.472222222
ETH;2000;0.472222222
ETH;2001;0.472222222
ETH;2002;0.472222222
ETH;2003;0.472222222
ETH;2004;0.472222222
ETH;2005;0.472222222
ETH;2006;0.472222222
ETH;2024;0.472222222
ETH;2013;0.476851852
ETH;2008;0.486111111
ETH;2009;0.486111111
ETH;2010;0.486111111
ETH;2011;0.486111111
ETH;2014;0.486111111
ETH;2015;0.486111111
ETH;2016;0.486111111
ETH;2017;0.486111111
ETH;2018;0.486111111
ETH;2023;0.523148148
ETH;2019;0.524305556
ETH;2025;0.525462963
ETH;2022;0.527777778
ETH;2021;0.541666667
ETH;2020;0.555555556
FIN;2013;0.972222222
FIN;2014;0.972222222
FIN;2015;0.972222222
FIN;2016;0.972222222
FIN;2017;0.972222222
FIN;2018;0.972222222
FIN;2019;0.972222222
FIN;2020;0.972222222
FIN;2021;0.972222222
FIN;2022;0.972222222
FIN;2023;0.972222222
FIN;2024;0.972222222
FIN;2025;0.972222222
FIN;1997;0.975694444
FIN;1996;0.979166667
FIN;2012;0.981481481
FIN;1984;1
FIN;1985;1
FIN;1986;1
FIN;1987;1
FIN;1988;1
FIN;1989;1
FIN;1990;1
FIN;1991;1
FIN;1992;1
FIN;1993;1
FIN;1994;1
FIN;1995;1
FIN;1998;1
FIN;1999;1
FIN;2000;1
FIN;2001;1
FIN;2002;1
FIN;2003;1
FIN;2004;1
FIN;2005;1
FIN;2006;1
FIN;2007;1
FIN;2008;1
FIN;2009;1
FIN;2010;1
FIN;2011;1
FRA;2003;0.666666667
FRA;2002;0.675925926
FRA;2004;0.694444444
FRA;2001;0.722222222
FRA;2005;0.722222222
FRA;2006;0.722222222
FRA;2018;0.75
FRA;2019;0.75
FRA;2014;0.752314815
FRA;2013;0.756944444
FRA;2017;0.759259259
FRA;2007;0.770833333
FRA;2000;0.777777778
FRA;2011;0.777777778
FRA;2012;0.777777778
FRA;2015;0.777777778
FRA;2016;0.777777778
FRA;2020;0.788194444
FRA;1999;0.791666667
FRA;2021;0.791666667
FRA;2022;0.791666667
FRA;2010;0.793981481
FRA;2008;0.805555556
FRA;2009;0.805555556
FRA;2023;0.80787037
FRA;1997;0.809027778
FRA;2024;0.819444444
FRA;2025;0.819444444
FRA;1998;0.833333333
FRA;1996;0.859953704
FRA;1995;0.888888889
FRA;1987;0.888888889
FRA;1988;0.888888889
FRA;1989;0.888888889
FRA;1990;0.888888889
FRA;1991;0.925925926
FRA;1986;0.930555556
FRA;1984;0.944444444
FRA;1985;0.944444444
FRA;1994;0.981481481
FRA;1992;1
FRA;1993;1
GAB;2005;0.305555556
GAB;2006;0.305555556
GAB;2007;0.305555556
GAB;2004;0.333333333
GAB;2008;0.356481481
GAB;1984;0.361111111
GAB;2009;0.364583333
GAB;1998;0.388888889
GAB;1999;0.388888889
GAB;2000;0.388888889
GAB;2001;0.388888889
GAB;2002;0.388888889
GAB;2003;0.388888889
GAB;2012;0.402777778
GAB;2013;0.402777778
GAB;2014;0.402777778
GAB;2015;0.402777778
GAB;2016;0.402777778
GAB;2017;0.402777778
GAB;2018;0.402777778
GAB;2019;0.402777778
GAB;2020;0.402777778
GAB;2023;0.416666667
GAB;2024;0.416666667
GAB;2011;0.418981481
GAB;2010;0.423611111
GAB;2022;0.43287037
GAB;1997;0.4375
GAB;2021;0.444444444
GAB;1986;0.472222222
GAB;1987;0.472222222
GAB;1988;0.472222222
GAB;1989;0.472222222
GAB;1990;0.472222222
GAB;1991;0.472222222
GAB;1992;0.472222222
GAB;1994;0.472222222
GAB;1995;0.472222222
GAB;1996;0.472222222
GAB;1985;0.49537037
GAB;1993;0.527777778
GAB;2025;0.534722222
GBR;2024;0.833333333
GBR;2025;0.833333333
GBR;2023;0.844907407
GBR;2011;0.849537037
GBR;1989;0.851851852
GBR;2012;0.851851852
GBR;1988;0.861111111
GBR;2007;0.861111111
GBR;2008;0.861111111
GBR;2009;0.861111111
GBR;2010;0.861111111
GBR;2013;0.861111111
GBR;2014;0.863425926
GBR;2006;0.877314815
GBR;2022;0.877314815
GBR;1986;0.888888889
GBR;1987;0.888888889
GBR;2005;0.888888889
GBR;1990;0.888888889
GBR;1991;0.888888889
GBR;2015;0.888888889
GBR;2016;0.888888889
GBR;2017;0.888888889
GBR;2018;0.888888889
GBR;2019;0.888888889
GBR;2020;0.888888889
GBR;2021;0.888888889
GBR;2004;0.905092593
GBR;2002;0.916666667
GBR;2003;0.916666667
GBR;1997;0.925925926
GBR;1985;0.930555556
GBR;1996;0.930555556
GBR;2001;0.939814815
GBR;1992;0.944444444
GBR;1993;0.944444444
GBR;1994;0.944444444
GBR;1995;0.944444444
GBR;1998;0.944444444
GBR;1999;0.944444444
GBR;2000;0.944444444
GBR;1984;0.981481481
GHA;1984;0.143518519
GHA;1985;0.229166667
GHA;1986;0.25
GHA;1987;0.25
GHA;1988;0.270833333
GHA;2000;0.388888889
GHA;2005;0.395833333
GHA;2002;0.416666667
GHA;2003;0.416666667
GHA;2004;0.416666667
GHA;2006;0.416666667
GHA;1999;0.430555556
GHA;2007;0.430555556
GHA;2008;0.430555556
GHA;2009;0.430555556
GHA;2001;0.439814815
GHA;1998;0.449074074
GHA;2010;0.472222222
GHA;2011;0.486111111
GHA;2012;0.486111111
GHA;2013;0.486111111
GHA;2014;0.488425926
GHA;2017;0.49537037
GHA;2018;0.509259259
GHA;2015;0.513888889
GHA;2016;0.513888889
GHA;2019;0.513888889
GHA;2020;0.513888889
GHA;2021;0.513888889
GHA;2022;0.513888889
GHA;2023;0.513888889
GHA;2024;0.513888889
GHA;2025;0.534722222
GHA;1989;0.537037037
GHA;1997;0.548611111
GHA;1992;0.583333333
GHA;1993;0.583333333
GHA;1994;0.583333333
GHA;1995;0.583333333
GHA;1996;0.583333333
GHA;1991;0.611111111
GHA;1990;0.618055556
GIN;1984;0.333333333
GIN;1985;0.347222222
GIN;2019;0.361111111
GIN;2020;0.361111111
GIN;2021;0.361111111
GIN;2022;0.361111111
GIN;2023;0.361111111
GIN;2024;0.361111111
GIN;2025;0.361111111
GIN;2018;0.381944444
GIN;2011;0.388888889
GIN;2012;0.388888889
GIN;2013;0.388888889
GIN;2014;0.388888889
GIN;2015;0.388888889
GIN;2016;0.388888889
GIN;2017;0.388888889
GIN;2010;0.395833333
GIN;1987;0.402777778
GIN;1986;0.416666667
GIN;1988;0.416666667
GIN;1989;0.416666667
GIN;2007;0.416666667
GIN;2008;0.416666667
GIN;2009;0.416666667
GIN;2005;0.444444444
GIN;2006;0.444444444
GIN;2004;0.446759259
GIN;1990;0.472222222
GIN;1991;0.472222222
GIN;1992;0.472222222
GIN;1993;0.472222222
GIN;1994;0.472222222
GIN;1995;0.472222222
GIN;1996;0.472222222
GIN;2003;0.472222222
GIN;1997;0.474537037
GIN;2002;0.474537037
GIN;1998;0.5
GIN;1999;0.5
GIN;2000;0.5
GIN;2001;0.5
GMB;1989;0.416666667
GMB;1990;0.416666667
GMB;1991;0.416666667
GMB;1988;0.444444444
GMB;2018;0.449074074
GMB;2017;0.453703704
GMB;1986;0.472222222
GMB;1987;0.472222222
GMB;2013;0.472222222
GMB;2014;0.472222222
GMB;2015;0.472222222
GMB;2016;0.472222222
GMB;2012;0.481481481
GMB;2019;0.490740741
GMB;2021;0.491898148
GMB;1992;0.5
GMB;2009;0.5
GMB;2010;0.5
GMB;2011;0.5
GMB;2020;0.5
GMB;2007;0.502314815
GMB;2006;0.516203704
GMB;2008;0.520833333
GMB;2005;0.527777778
GMB;2022;0.541666667
GMB;2025;0.541666667
GMB;2004;0.548611111
GMB;1993;0.555555556
GMB;1994;0.555555556
GMB;2003;0.555555556
GMB;2023;0.56712963
GMB;2024;0.569444444
GMB;2002;0.587962963
GMB;1997;0.611111111
GMB;1998;0.611111111
GMB;1999;0.611111111
GMB;2000;0.611111111
GMB;2001;0.611111111
GMB;1995;0.62962963
GMB;1996;0.657407407
GNB;1986;0.25
GNB;1987;0.25
GNB;1988;0.25
GNB;1989;0.25
GNB;1990;0.25
GNB;1991;0.25
GNB;1992;0.25
GNB;1993;0.25
GNB;1994;0.25
GNB;1995;0.25
GNB;1996;0.25
GNB;1997;0.25
GNB;1998;0.25
GNB;1999;0.25
GNB;2000;0.25
GNB;2001;0.25
GNB;2002;0.25
GNB;2003;0.25
GNB;2015;0.319444444
GNB;2016;0.319444444
GNB;2017;0.319444444
GNB;2018;0.319444444
GNB;2004;0.324074074
GNB;2014;0.344907407
GNB;2013;0.347222222
GNB;2012;0.356481481
GNB;2005;0.361111111
GNB;2019;0.371527778
GNB;2009;0.375
GNB;2010;0.375
GNB;2011;0.375
GNB;2008;0.37962963
GNB;2006;0.399305556
GNB;2007;0.402777778
GNB;2020;0.416666667
GNB;2021;0.416666667
GNB;2022;0.421296296
GNB;2023;0.430555556
GNB;2024;0.444444444
GNB;2025;0.444444444
GRC;1984;0.5
GRC;1985;0.523148148
GRC;1986;0.555555556
GRC;2002;0.555555556
GRC;2003;0.555555556
GRC;1987;0.560185185
GRC;2004;0.569444444
GRC;1988;0.611111111
GRC;1989;0.611111111
GRC;2006;0.611111111
GRC;2007;0.611111111
GRC;2008;0.611111111
GRC;2009;0.611111111
GRC;2010;0.611111111
GRC;2011;0.611111111
GRC;2012;0.611111111
GRC;2013;0.611111111
GRC;2014;0.613425926
GRC;2023;0.627314815
GRC;2022;0.62962963
GRC;1990;0.634259259
GRC;2015;0.638888889
GRC;2016;0.638888889
GRC;2017;0.638888889
GRC;2018;0.638888889
GRC;2019;0.638888889
GRC;2020;0.638888889
GRC;2021;0.638888889
GRC;2024;0.638888889
GRC;2025;0.638888889
GRC;2005;0.648148148
GRC;2001;0.671296296
GRC;2000;0.694444444
GRC;1999;0.699074074
GRC;1991;0.75
GRC;1998;0.759259259
GRC;1992;0.787037037
GRC;1993;0.805555556
GRC;1997;0.814814815
GRC;1994;0.842592593
GRC;1995;0.861111111
GRC;1996;0.861111111
GTM;1984;0.166666667
GTM;1985;0.166666667
GTM;1986;0.166666667
GTM;1987;0.166666667
GTM;1988;0.166666667
GTM;1989;0.166666667
GTM;1990;0.166666667
GTM;1991;0.166666667
GTM;1992;0.212962963
GTM;1993;0.25
GTM;2008;0.31712963
GTM;1994;0.319444444
GTM;2003;0.333333333
GTM;2004;0.333333333
GTM;2007;0.333333333
GTM;2009;0.340277778
GTM;2002;0.356481481
GTM;1995;0.361111111
GTM;2006;0.361111111
GTM;2010;0.361111111
GTM;2011;0.361111111
GTM;2012;0.361111111
GTM;2005;0.37962963
GTM;2013;0.412037037
GTM;1996;0.416666667
GTM;2014;0.416666667
GTM;2015;0.418981481
GTM;2017;0.418981481
GTM;2016;0.423611111
GTM;2023;0.43287037
GTM;2022;0.439814815
GTM;2018;0.444444444
GTM;2025;0.444444444
GTM;2019;0.458333333
GTM;2021;0.469907407
GTM;2024;0.469907407
GTM;2020;0.476851852
GTM;2001;0.490740741
GTM;1998;0.5
GTM;1999;0.5
GTM;2000;0.5
GTM;1997;0.502314815
GUY;1984;0.111111111
GUY;1985;0.111111111
GUY;1986;0.111111111
GUY;1987;0.111111111
GUY;1988;0.111111111
GUY;1989;0.111111111
GUY;1990;0.111111111
GUY;1991;0.111111111
GUY;1992;0.141203704
GUY;1993;0.25462963
GUY;2013;0.416666667
GUY;2014;0.416666667
GUY;2015;0.416666667
GUY;1994;0.423611111
GUY;2012;0.425925926
GUY;2016;0.439814815
GUY;2009;0.444444444
GUY;2010;0.444444444
GUY;2011;0.444444444
GUY;2008;0.446759259
GUY;2017;0.453703704
GUY;2007;0.472222222
GUY;2018;0.472222222
GUY;2019;0.472222222
GUY;2020;0.472222222
GUY;2021;0.472222222
GUY;2022;0.493055556
GUY;2023;0.5
GUY;2024;0.5
GUY;2006;0.509259259
GUY;2003;0.520833333
GUY;2025;0.541666667
GUY;2004;0.543981481
GUY;1995;0.555555556
GUY;1996;0.555555556
GUY;2005;0.555555556
GUY;1997;0.590277778
GUY;2002;0.590277778
GUY;1998;0.638888889
GUY;1999;0.638888889
GUY;2000;0.638888889
GUY;2001;0.638888889
HND;1984;0.166666667
HND;1985;0.222222222
HND;1986;0.222222222
HND;1987;0.222222222
HND;1988;0.305555556
HND;1989;0.305555556
HND;1990;0.305555556
HND;1991;0.305555556
HND;2013;0.333333333
HND;2014;0.340277778
HND;2012;0.342592593
HND;1992;0.351851852
HND;1993;0.361111111
HND;1994;0.361111111
HND;1995;0.361111111
HND;1996;0.361111111
HND;2005;0.361111111
HND;2006;0.361111111
HND;2007;0.361111111
HND;2008;0.361111111
HND;2009;0.361111111
HND;2010;0.361111111
HND;2024;0.361111111
HND;2025;0.361111111
HND;2001;0.372685185
HND;1997;0.377314815
HND;2023;0.377314815
HND;2004;0.384259259
HND;2011;0.384259259
HND;1998;0.388888889
HND;1999;0.388888889
HND;2000;0.388888889
HND;2003;0.388888889
HND;2015;0.388888889
HND;2016;0.388888889
HND;2022;0.388888889
HND;2002;0.395833333
HND;2017;0.398148148
HND;2021;0.400462963
HND;2018;0.402777778
HND;2020;0.409722222
HND;2019;0.414351852
HRV;1999;0.5625
HRV;2013;0.611111111
HRV;2014;0.615740741
HRV;2012;0.62962963
HRV;2009;0.638888889
HRV;2008;0.662037037
HRV;2010;0.662037037
HRV;2005;0.666666667
HRV;2006;0.666666667
HRV;2007;0.666666667
HRV;2011;0.666666667
HRV;2015;0.666666667
HRV;2016;0.666666667
HRV;2017;0.666666667
HRV;2018;0.666666667
HRV;2019;0.666666667
HRV;2020;0.666666667
HRV;2021;0.666666667
HRV;2022;0.670138889
HRV;2000;0.675925926
HRV;2002;0.694444444
HRV;2003;0.694444444
HRV;2004;0.694444444
HRV;2024;0.708333333
HRV;2025;0.708333333
HRV;2023;0.719907407
HRV;2001;0.740740741
HTI;1984;0.055555556
HTI;1985;0.055555556
HTI;1986;0.101851852
HTI;1987;0.111111111
HTI;1988;0.111111111
HTI;1989;0.111111111
HTI;1990;0.111111111
HTI;1991;0.111111111
HTI;1992;0.111111111
HTI;2023;0.111111111
HTI;2025;0.111111111
HTI;1994;0.12037037
HTI;2024;0.122685185
HTI;2022;0.125
HTI;1993;0.138888889
HTI;2009;0.138888889
HTI;2010;0.138888889
HTI;2011;0.138888889
HTI;2012;0.138888889
HTI;2013;0.138888889
HTI;2014;0.138888889
HTI;2015;0.138888889
HTI;2016;0.138888889
HTI;2007;0.145833333
HTI;2008;0.150462963
HTI;2021;0.150462963
HTI;2017;0.159722222
HTI;2002;0.166666667
HTI;2003;0.166666667
HTI;2018;0.166666667
HTI;2019;0.166666667
HTI;2020;0.166666667
HTI;2001;0.175925926
HTI;2006;0.18287037
HTI;2004;0.203703704
HTI;1999;0.222222222
HTI;2000;0.222222222
HTI;2005;0.231481481
HTI;1995;0.268518519
HTI;1998;0.268518519
HTI;1996;0.319444444
HTI;1997;0.333333333
HUN;2022;0.611111111
HUN;2023;0.611111111
HUN;2024;0.611111111
HUN;2025;0.611111111
HUN;2021;0.622685185
HUN;2005;0.638888889
HUN;2006;0.638888889
HUN;2007;0.638888889
HUN;2008;0.638888889
HUN;2009;0.638888889
HUN;2010;0.638888889
HUN;2011;0.638888889
HUN;2012;0.638888889
HUN;2013;0.638888889
HUN;2014;0.638888889
HUN;2015;0.638888889
HUN;2016;0.638888889
HUN;2017;0.638888889
HUN;2018;0.638888889
HUN;2019;0.638888889
HUN;2020;0.638888889
HUN;2004;0.673611111
HUN;2002;0.722222222
HUN;2003;0.722222222
HUN;2001;0.731481481
HUN;1984;0.75
HUN;1985;0.75
HUN;1986;0.75
HUN;1987;0.75
HUN;1988;0.75
HUN;1989;0.75
HUN;1990;0.791666667
HUN;1991;0.805555556
HUN;1992;0.805555556
HUN;1993;0.805555556
HUN;1994;0.805555556
HUN;2000;0.847222222
HUN;1995;0.894675926
HUN;1996;0.902777778
HUN;1997;0.920138889
HUN;1998;0.944444444
HUN;1999;0.944444444
IDN;1987;0.111111111
IDN;1988;0.111111111
IDN;1989;0.111111111
IDN;1986;0.12962963
IDN;1990;0.12962963
IDN;1984;0.138888889
IDN;1985;0.166666667
IDN;1991;0.25462963
IDN;2002;0.333333333
IDN;2003;0.333333333
IDN;2001;0.361111111
IDN;2004;0.37037037
IDN;1998;0.375
IDN;2005;0.388888889
IDN;1999;0.407407407
IDN;1992;0.451388889
IDN;2006;0.462962963
IDN;2000;0.467592593
IDN;2016;0.472222222
IDN;2017;0.472222222
IDN;2015;0.474537037
IDN;2019;0.475694444
IDN;2022;0.479166667
IDN;2010;0.5
IDN;2011;0.5
IDN;2012;0.5
IDN;2013;0.5
IDN;2014;0.5
IDN;2021;0.5
IDN;2007;0.502314815
IDN;2020;0.513888889
IDN;2023;0.520833333
IDN;1997;0.523148148
IDN;2024;0.527777778
IDN;2025;0.527777778
IDN;2008;0.532407407
IDN;2009;0.546296296
IDN;1993;0.555555556
IDN;1994;0.555555556
IDN;1995;0.592592593
IDN;1996;0.597222222
IDN;2018;0.694444444
IND;1990;0.421296296
IND;1991;0.435185185
IND;1989;0.509259259
IND;1984;0.525462963
IND;1985;0.527777778
IND;1986;0.527777778
IND;1987;0.527777778
IND;1988;0.527777778
IND;1992;0.527777778
IND;2002;0.555555556
IND;2003;0.555555556
IND;2011;0.583333333
IND;2004;0.594907407
IND;2001;0.597222222
IND;1993;0.611111111
IND;2005;0.611111111
IND;2006;0.611111111
IND;2007;0.611111111
IND;2008;0.611111111
IND;2009;0.611111111
IND;2010;0.611111111
IND;2012;0.611111111
IND;2013;0.611111111
IND;2014;0.611111111
IND;2015;0.631944444
IND;1994;0.638888889
IND;1995;0.638888889
IND;1996;0.638888889
IND;1997;0.638888889
IND;1998;0.638888889
IND;1999;0.638888889
IND;2000;0.638888889
IND;2016;0.638888889
IND;2017;0.638888889
IND;2018;0.638888889
IND;2019;0.638888889
IND;2020;0.638888889
IND;2021;0.638888889
IND;2022;0.638888889
IND;2023;0.638888889
IND;2024;0.664351852
IND;2025;0.666666667
IRL;2000;0.777777778
IRL;1999;0.782407407
IRL;1984;0.791666667
IRL;1985;0.791666667
IRL;1986;0.791666667
IRL;1987;0.791666667
IRL;1988;0.791666667
IRL;2001;0.791666667
IRL;1989;0.810185185
IRL;2004;0.824074074
IRL;1998;0.833333333
IRL;1990;0.847222222
IRL;2002;0.861111111
IRL;2003;0.861111111
IRL;2007;0.861111111
IRL;2008;0.861111111
IRL;2009;0.861111111
IRL;2010;0.861111111
IRL;2011;0.861111111
IRL;1997;0.865740741
IRL;2005;0.87037037
IRL;1991;0.878472222
IRL;2012;0.87962963
IRL;2006;0.881944444
IRL;2013;0.888888889
IRL;1992;0.888888889
IRL;1993;0.888888889
IRL;2014;0.891203704
IRL;2015;0.916666667
IRL;2016;0.916666667
IRL;2017;0.916666667
IRL;2018;0.916666667
IRL;2019;0.916666667
IRL;2020;0.916666667
IRL;2021;0.916666667
IRL;2022;0.916666667
IRL;2023;0.916666667
IRL;2024;0.916666667
IRL;2025;0.916666667
IRL;1994;0.930555556
IRL;1995;0.944444444
IRL;1996;0.944444444
IRN;1988;0.305555556
IRN;1989;0.305555556
IRN;1990;0.305555556
IRN;1984;0.342592593
IRN;1985;0.361111111
IRN;1986;0.361111111
IRN;1987;0.361111111
IRN;1991;0.37037037
IRN;2024;0.391203704
IRN;2023;0.400462963
IRN;2025;0.416666667
IRN;2022;0.4375
IRN;2021;0.444444444
IRN;1992;0.467592593
IRN;2020;0.469907407
IRN;2011;0.472222222
IRN;2012;0.472222222
IRN;2013;0.472222222
IRN;2014;0.472222222
IRN;2015;0.472222222
IRN;2016;0.472222222
IRN;2017;0.472222222
IRN;2018;0.472222222
IRN;2019;0.472222222
IRN;2010;0.476851852
IRN;2002;0.5
IRN;2003;0.5
IRN;2004;0.5
IRN;2005;0.5
IRN;2006;0.5
IRN;2007;0.5
IRN;2008;0.5
IRN;2009;0.5
IRN;2001;0.571759259
IRN;1993;0.615740741
IRN;1998;0.666666667
IRN;1999;0.666666667
IRN;2000;0.666666667
IRN;1994;0.708333333
IRN;1997;0.715277778
IRN;1995;0.75
IRN;1996;0.75
IRQ;1992;0.111111111
IRQ;1991;0.127314815
IRQ;2005;0.138888889
IRQ;2006;0.138888889
IRQ;2007;0.138888889
IRQ;2004;0.159722222
IRQ;1993;0.162037037
IRQ;1998;0.166666667
IRQ;1999;0.166666667
IRQ;2000;0.166666667
IRQ;2001;0.166666667
IRQ;2002;0.166666667
IRQ;1994;0.1875
IRQ;1997;0.215277778
IRQ;2003;0.24537037
IRQ;2008;0.246527778
IRQ;1995;0.25
IRQ;1996;0.25
IRQ;1984;0.252314815
IRQ;2013;0.263888889
IRQ;2014;0.263888889
IRQ;2015;0.263888889
IRQ;2016;0.263888889
IRQ;2017;0.263888889
IRQ;2018;0.263888889
IRQ;2012;0.273148148
IRQ;2009;0.280092593
IRQ;1990;0.282407407
IRQ;2019;0.287037037
IRQ;2010;0.291666667
IRQ;2011;0.291666667
IRQ;2020;0.303240741
IRQ;1985;0.305555556
IRQ;1986;0.305555556
IRQ;1987;0.305555556
IRQ;1989;0.319444444
IRQ;2021;0.319444444
IRQ;2023;0.319444444
IRQ;2024;0.319444444
IRQ;2025;0.333333333
IRQ;2022;0.357638889
IRQ;1988;0.361111111
ISL;2004;0.916666667
ISL;2020;0.916666667
ISL;2021;0.916666667
ISL;2022;0.916666667
ISL;2023;0.916666667
ISL;2024;0.916666667
ISL;2025;0.916666667
ISL;2003;0.921296296
ISL;2014;0.935185185
ISL;2019;0.94212963
ISL;2002;0.944444444
ISL;2013;0.944444444
ISL;2015;0.944444444
ISL;2016;0.944444444
ISL;2017;0.944444444
ISL;2018;0.944444444
ISL;2012;0.953703704
ISL;2005;0.972222222
ISL;2006;0.972222222
ISL;2007;0.972222222
ISL;2008;0.972222222
ISL;2009;0.972222222
ISL;2010;0.972222222
ISL;2011;0.972222222
ISL;2001;0.990740741
ISL;1984;1
ISL;1985;1
ISL;1986;1
ISL;1987;1
ISL;1988;1
ISL;1989;1
ISL;1990;1
ISL;1991;1
ISL;1992;1
ISL;1993;1
ISL;1994;1
ISL;1995;1
ISL;1996;1
ISL;1997;1
ISL;1998;1
ISL;1999;1
ISL;2000;1
ISR;1984;0.583333333
ISR;1989;0.59375
ISR;1990;0.625
ISR;1988;0.634259259
ISR;1985;0.685185185
ISR;1986;0.694444444
ISR;1987;0.694444444
ISR;1991;0.699074074
ISR;2023;0.733796296
ISR;2024;0.75
ISR;2025;0.75
ISR;1998;0.777777778
ISR;1999;0.777777778
ISR;2000;0.777777778
ISR;2001;0.777777778
ISR;2002;0.777777778
ISR;2005;0.777777778
ISR;2006;0.777777778
ISR;2007;0.777777778
ISR;2008;0.777777778
ISR;2009;0.777777778
ISR;2021;0.777777778
ISR;2022;0.777777778
ISR;2020;0.784722222
ISR;2004;0.787037037
ISR;2010;0.800925926
ISR;2011;0.805555556
ISR;2012;0.805555556
ISR;2013;0.805555556
ISR;2014;0.805555556
ISR;2015;0.805555556
ISR;2016;0.805555556
ISR;2017;0.805555556
ISR;2018;0.805555556
ISR;2019;0.805555556
ISR;1997;0.809027778
ISR;2003;0.810185185
ISR;1992;0.847222222
ISR;1993;0.847222222
ISR;1994;0.847222222
ISR;1995;0.854166667
ISR;1996;0.881944444
ITA;2003;0.523148148
ITA;2004;0.543981481
ITA;2005;0.569444444
ITA;2006;0.569444444
ITA;2007;0.569444444
ITA;2008;0.569444444
ITA;2009;0.569444444
ITA;2010;0.569444444
ITA;2011;0.569444444
ITA;2012;0.569444444
ITA;2013;0.569444444
ITA;2014;0.569444444
ITA;2015;0.569444444
ITA;2016;0.569444444
ITA;2002;0.576388889
ITA;2017;0.587962963
ITA;2018;0.597222222
ITA;2019;0.597222222
ITA;2020;0.597222222
ITA;2021;0.597222222
ITA;2022;0.640046296
ITA;2023;0.670138889
ITA;2024;0.708333333
ITA;2025;0.708333333
ITA;2001;0.721064815
ITA;1994;0.736111111
ITA;1993;0.74537037
ITA;1984;0.75
ITA;1985;0.75
ITA;1986;0.75
ITA;1987;0.75
ITA;1988;0.75
ITA;1989;0.75
ITA;1990;0.75
ITA;1999;0.75
ITA;2000;0.75
ITA;1995;0.759259259
ITA;1991;0.78125
ITA;1998;0.787037037
ITA;1992;0.791666667
ITA;1996;0.824074074
ITA;1997;0.829861111
JAM;1984;0.347222222
JAM;1985;0.388888889
JAM;1986;0.388888889
JAM;1987;0.388888889
JAM;1988;0.388888889
JAM;1989;0.388888889
JAM;1990;0.388888889
JAM;1991;0.388888889
JAM;2003;0.388888889
JAM;1992;0.393518519
JAM;2004;0.416666667
JAM;2002;0.418981481
JAM;2009;0.444444444
JAM;2006;0.453703704
JAM;2008;0.453703704
JAM;2010;0.465277778
JAM;2001;0.472222222
JAM;2005;0.472222222
JAM;2007;0.472222222
JAM;2011;0.472222222
JAM;2012;0.472222222
JAM;1993;0.481481481
JAM;2013;0.5
JAM;2014;0.5
JAM;2016;0.5
JAM;2017;0.5
JAM;2018;0.513888889
JAM;2019;0.516203704
JAM;2000;0.518518519
JAM;2020;0.520833333
JAM;2023;0.527777778
JAM;2024;0.527777778
JAM;1999;0.532407407
JAM;2022;0.532407407
JAM;2015;0.541666667
JAM;2021;0.546296296
JAM;2025;0.548611111
JAM;1994;0.569444444
JAM;1995;0.583333333
JAM;1996;0.583333333
JAM;1997;0.583333333
JAM;1998;0.583333333
JOR;1984;0.444444444
JOR;1985;0.444444444
JOR;1986;0.444444444
JOR;1987;0.444444444
JOR;1988;0.444444444
JOR;1989;0.444444444
JOR;1990;0.444444444
JOR;2025;0.472222222
JOR;1991;0.481481481
JOR;2024;0.493055556
JOR;2022;0.5
JOR;2023;0.5
JOR;2021;0.506944444
JOR;2013;0.527777778
JOR;2018;0.527777778
JOR;2019;0.527777778
JOR;2020;0.527777778
JOR;2014;0.530092593
JOR;2012;0.537037037
JOR;2017;0.548611111
JOR;2000;0.555555556
JOR;2001;0.555555556
JOR;2002;0.555555556
JOR;2003;0.555555556
JOR;2004;0.555555556
JOR;2005;0.555555556
JOR;2006;0.555555556
JOR;2007;0.555555556
JOR;2008;0.555555556
JOR;2009;0.555555556
JOR;2010;0.555555556
JOR;2011;0.555555556
JOR;2015;0.555555556
JOR;2016;0.555555556
JOR;1999;0.564814815
JOR;1992;0.611111111
JOR;1998;0.611111111
JOR;1993;0.615740741
JOR;1997;0.659722222
JOR;1994;0.708333333
JOR;1996;0.731481481
JOR;1995;0.75
JPN;2007;0.777777778
JPN;2008;0.777777778
JPN;2009;0.777777778
JPN;1999;0.782407407
JPN;2000;0.782407407
JPN;2001;0.782407407
JPN;1998;0.787037037
JPN;2002;0.805555556
JPN;2003;0.805555556
JPN;2004;0.805555556
JPN;2005;0.805555556
JPN;2006;0.805555556
JPN;2024;0.805555556
JPN;2025;0.805555556
JPN;2023;0.831018519
JPN;2019;0.833333333
JPN;2020;0.833333333
JPN;2021;0.833333333
JPN;2022;0.833333333
JPN;2018;0.844907407
JPN;2010;0.847222222
JPN;2011;0.861111111
JPN;2012;0.861111111
JPN;2013;0.861111111
JPN;2014;0.861111111
JPN;2015;0.861111111
JPN;2016;0.861111111
JPN;2017;0.861111111
JPN;1997;0.887731481
JPN;1984;0.888888889
JPN;1985;0.888888889
JPN;1986;0.888888889
JPN;1987;0.888888889
JPN;1988;0.888888889
JPN;1989;0.888888889
JPN;1990;0.888888889
JPN;1991;0.888888889
JPN;1992;0.916666667
JPN;1996;0.9375
JPN;1993;0.944444444
JPN;1994;0.944444444
JPN;1995;0.944444444
KAZ;2012;0.444444444
KAZ;2013;0.444444444
KAZ;2014;0.444444444
KAZ;2015;0.444444444
KAZ;2016;0.444444444
KAZ;2017;0.444444444
KAZ;2011;0.458333333
KAZ;2018;0.467592593
KAZ;2002;0.472222222
KAZ;2003;0.472222222
KAZ;2004;0.472222222
KAZ;2005;0.472222222
KAZ;2006;0.472222222
KAZ;2007;0.472222222
KAZ;2008;0.472222222
KAZ;2009;0.472222222
KAZ;2010;0.472222222
KAZ;2001;0.49537037
KAZ;2000;0.537037037
KAZ;1999;0.555555556
KAZ;2019;0.576388889
KAZ;2020;0.638888889
KAZ;2021;0.664351852
KAZ;2022;0.679398148
KAZ;2023;0.736111111
KAZ;2024;0.736111111
KAZ;2025;0.736111111
KEN;2008;0.305555556
KEN;2007;0.31712963
KEN;2009;0.319444444
KEN;2006;0.333333333
KEN;2005;0.349537037
KEN;2013;0.361111111
KEN;2014;0.361111111
KEN;2015;0.361111111
KEN;2010;0.368055556
KEN;2016;0.368055556
KEN;1984;0.37037037
KEN;2012;0.37037037
KEN;2002;0.375
KEN;1999;0.388888889
KEN;2000;0.388888889
KEN;2001;0.388888889
KEN;2011;0.388888889
KEN;2017;0.388888889
KEN;1998;0.398148148
KEN;2004;0.416666667
KEN;2018;0.430555556
KEN;2003;0.467592593
KEN;2019;0.489583333
KEN;2020;0.513888889
KEN;2021;0.525462963
KEN;2022;0.541666667
KEN;2023;0.541666667
KEN;2024;0.541666667
KEN;2025;0.541666667
KEN;1990;0.583333333
KEN;1991;0.583333333
KEN;1992;0.583333333
KEN;1993;0.583333333
KEN;1997;0.585648148
KEN;1994;0.611111111
KEN;1985;0.618055556
KEN;1986;0.638888889
KEN;1987;0.638888889
KEN;1988;0.638888889
KEN;1989;0.638888889
KEN;1995;0.638888889
KEN;1996;0.638888889
KOR;1986;0.472222222
KOR;1987;0.472222222
KOR;1988;0.472222222
KOR;1989;0.472222222
KOR;1990;0.472222222
KOR;1985;0.518518519
KOR;1991;0.565972222
KOR;1984;0.584490741
KOR;2002;0.592592593
KOR;2001;0.634259259
KOR;2000;0.638888889
KOR;2003;0.648148148
KOR;2004;0.655092593
KOR;1999;0.666666667
KOR;2005;0.666666667
KOR;2006;0.666666667
KOR;2007;0.666666667
KOR;1998;0.694444444
KOR;2008;0.694444444
KOR;2009;0.694444444
KOR;2010;0.694444444
KOR;2011;0.694444444
KOR;2012;0.694444444
KOR;2013;0.694444444
KOR;2014;0.694444444
KOR;2015;0.694444444
KOR;2016;0.694444444
KOR;2017;0.694444444
KOR;2018;0.694444444
KOR;2019;0.717592593
KOR;1997;0.71875
KOR;2022;0.740740741
KOR;2020;0.743055556
KOR;2023;0.747685185
KOR;2021;0.75
KOR;2024;0.763888889
KOR;2025;0.797453704
KOR;1992;0.847222222
KOR;1993;0.847222222
KOR;1994;0.847222222
KOR;1995;0.847222222
KOR;1996;0.847222222
KWT;1991;0.261574074
KWT;1990;0.430555556
KWT;1992;0.465277778
KWT;1984;0.481481481
KWT;1985;0.5
KWT;1986;0.5
KWT;1987;0.5
KWT;1988;0.5
KWT;1989;0.5
KWT;2018;0.527777778
KWT;2019;0.527777778
KWT;2020;0.527777778
KWT;2021;0.527777778
KWT;2022;0.534722222
KWT;2017;0.537037037
KWT;1993;0.555555556
KWT;2000;0.555555556
KWT;2001;0.555555556
KWT;2002;0.555555556
KWT;2003;0.555555556
KWT;2004;0.555555556
KWT;2015;0.555555556
KWT;2016;0.555555556
KWT;2024;0.555555556
KWT;2025;0.555555556
KWT;2023;0.5625
KWT;2014;0.56712963
KWT;2005;0.583333333
KWT;2013;0.583333333
KWT;1994;0.592592593
KWT;2012;0.592592593
KWT;2006;0.594907407
KWT;1998;0.611111111
KWT;1999;0.611111111
KWT;2007;0.611111111
KWT;2008;0.611111111
KWT;2009;0.611111111
KWT;2010;0.611111111
KWT;2011;0.611111111
KWT;1995;0.638888889
KWT;1997;0.652777778
KWT;1996;0.666666667
LBN;1990;0.111111111
LBN;1989;0.155092593
LBN;1991;0.199074074
LBN;1984;0.305555556
LBN;1985;0.305555556
LBN;1986;0.305555556
LBN;1987;0.305555556
LBN;1988;0.305555556
LBN;1992;0.305555556
LBN;1997;0.395833333
LBN;1996;0.402777778
LBN;2021;0.416666667
LBN;2024;0.416666667
LBN;2023;0.423611111
LBN;1993;0.430555556
LBN;2022;0.435185185
LBN;2025;0.44212963
LBN;1998;0.444444444
LBN;1999;0.444444444
LBN;2000;0.444444444
LBN;2001;0.444444444
LBN;2002;0.444444444
LBN;2003;0.444444444
LBN;2004;0.444444444
LBN;2005;0.444444444
LBN;2006;0.444444444
LBN;2007;0.444444444
LBN;2008;0.444444444
LBN;2009;0.444444444
LBN;2020;0.444444444
LBN;2013;0.472222222
LBN;2014;0.472222222
LBN;2018;0.472222222
LBN;2019;0.472222222
LBN;2012;0.481481481
LBN;2017;0.481481481
LBN;2010;0.490740741
LBN;2015;0.493055556
LBN;2011;0.5
LBN;2016;0.5
LBN;1994;0.527777778
LBN;1995;0.527777778
LBR;1993;0.041666667
LBR;1991;0.055555556
LBR;1992;0.055555556
LBR;1990;0.087962963
LBR;1989;0.111111111
LBR;1994;0.111111111
LBR;1995;0.111111111
LBR;1996;0.111111111
LBR;1997;0.152777778
LBR;1988;0.162037037
LBR;1984;0.166666667
LBR;1985;0.166666667
LBR;1986;0.166666667
LBR;1987;0.166666667
LBR;1998;0.166666667
LBR;1999;0.171296296
LBR;2003;0.217592593
LBR;2002;0.222222222
LBR;2005;0.222222222
LBR;2019;0.222222222
LBR;2022;0.222222222
LBR;2023;0.226851852
LBR;2004;0.231481481
LBR;2018;0.236111111
LBR;2021;0.236111111
LBR;2020;0.238425926
LBR;2006;0.24537037
LBR;2000;0.25
LBR;2014;0.25
LBR;2015;0.25
LBR;2016;0.25
LBR;2017;0.25
LBR;2024;0.25
LBR;2025;0.25
LBR;2013;0.268518519
LBR;2007;0.277777778
LBR;2008;0.277777778
LBR;2011;0.277777778
LBR;2012;0.277777778
LBR;2010;0.284722222
LBR;2001;0.291666667
LBR;2009;0.298611111
LBY;1984;0.270833333
LBY;1985;0.305555556
LBY;1986;0.305555556
LBY;1987;0.305555556
LBY;1988;0.361111111
LBY;1989;0.361111111
LBY;1990;0.361111111
LBY;1991;0.361111111
LBY;2013;0.371527778
LBY;2012;0.37962963
LBY;2005;0.388888889
LBY;2006;0.388888889
LBY;2007;0.388888889
LBY;2008;0.388888889
LBY;2009;0.388888889
LBY;2010;0.388888889
LBY;2011;0.393518519
LBY;2014;0.402777778
LBY;2015;0.402777778
LBY;2016;0.402777778
LBY;2017;0.402777778
LBY;2018;0.402777778
LBY;2019;0.402777778
LBY;2020;0.402777778
LBY;2021;0.402777778
LBY;2022;0.402777778
LBY;2002;0.416666667
LBY;2003;0.416666667
LBY;2004;0.416666667
LBY;2023;0.4375
LBY;2024;0.444444444
LBY;2025;0.444444444
LBY;2001;0.453703704
LBY;1998;0.527777778
LBY;1999;0.527777778
LBY;2000;0.527777778
LBY;1997;0.576388889
LBY;1996;0.611111111
LBY;1995;0.652777778
LBY;1992;0.666666667
LBY;1993;0.666666667
LBY;1994;0.666666667
LKA;1989;0.333333333
LKA;1990;0.333333333
LKA;1991;0.333333333
LKA;1992;0.356481481
LKA;1988;0.37962963
LKA;1984;0.388888889
LKA;1985;0.388888889
LKA;1986;0.388888889
LKA;1987;0.388888889
LKA;2011;0.444444444
LKA;2012;0.444444444
LKA;2013;0.444444444
LKA;2014;0.444444444
LKA;1993;0.462962963
LKA;2010;0.462962963
LKA;2005;0.472222222
LKA;2006;0.472222222
LKA;2007;0.472222222
LKA;2008;0.472222222
LKA;2009;0.472222222
LKA;2018;0.472222222
LKA;2019;0.472222222
LKA;2020;0.472222222
LKA;2021;0.472222222
LKA;2022;0.472222222
LKA;2023;0.472222222
LKA;2024;0.472222222
LKA;2017;0.481481481
LKA;2025;0.481481481
LKA;2015;0.49537037
LKA;1994;0.5
LKA;2002;0.5
LKA;2003;0.5
LKA;2004;0.5
LKA;2016;0.5
LKA;1995;0.537037037
LKA;2001;0.546296296
LKA;1998;0.555555556
LKA;1999;0.555555556
LKA;2000;0.555555556
LKA;1996;0.587962963
LKA;1997;0.606481481
LTU;2007;0.541666667
LTU;2008;0.541666667
LTU;2009;0.541666667
LTU;2010;0.541666667
LTU;2011;0.541666667
LTU;2006;0.553240741
LTU;1999;0.555555556
LTU;2000;0.555555556
LTU;2012;0.560185185
LTU;2002;0.569444444
LTU;2003;0.569444444
LTU;2004;0.569444444
LTU;2005;0.569444444
LTU;2013;0.569444444
LTU;2014;0.574074074
LTU;2001;0.578703704
LTU;2018;0.597222222
LTU;2019;0.597222222
LTU;2020;0.597222222
LTU;2021;0.597222222
LTU;2022;0.597222222
LTU;2023;0.597222222
LTU;2024;0.597222222
LTU;2025;0.597222222
LTU;2017;0.62037037
LTU;2015;0.625
LTU;2016;0.625
LUX;1998;0.944444444
LUX;1999;0.944444444
LUX;2000;0.944444444
LUX;2001;0.944444444
LUX;2002;0.944444444
LUX;2003;0.944444444
LUX;2004;0.944444444
LUX;2005;0.944444444
LUX;2006;0.944444444
LUX;2007;0.944444444
LUX;2008;0.944444444
LUX;2009;0.944444444
LUX;2010;0.944444444
LUX;2011;0.944444444
LUX;2012;0.944444444
LUX;2013;0.944444444
LUX;2014;0.944444444
LUX;2015;0.944444444
LUX;2016;0.944444444
LUX;2017;0.944444444
LUX;2018;0.944444444
LUX;2019;0.944444444
LUX;2020;0.944444444
LUX;2021;0.944444444
LUX;2022;0.944444444
LUX;2023;0.944444444
LUX;2024;0.944444444
LUX;2025;0.944444444
LUX;1997;0.953703704
LUX;1985;0.996527778
LUX;1986;1
LUX;1987;1
LUX;1988;1
LUX;1989;1
LUX;1990;1
LUX;1991;1
LUX;1992;1
LUX;1993;1
LUX;1994;1
LUX;1995;1
LUX;1996;1
LVA;1999;0.569444444
LVA;2002;0.597222222
LVA;2003;0.597222222
LVA;2004;0.597222222
LVA;2005;0.597222222
LVA;2006;0.597222222
LVA;2007;0.597222222
LVA;2008;0.597222222
LVA;2009;0.597222222
LVA;2010;0.597222222
LVA;2011;0.597222222
LVA;2000;0.611111111
LVA;2012;0.615740741
LVA;2013;0.625
LVA;2019;0.625
LVA;2014;0.627314815
LVA;2001;0.62962963
LVA;2018;0.641203704
LVA;2015;0.652777778
LVA;2016;0.652777778
LVA;2020;0.659722222
LVA;2021;0.666666667
LVA;2022;0.666666667
LVA;2017;0.671296296
LVA;2023;0.68287037
LVA;2025;0.685185185
LVA;2024;0.694444444
MAR;1987;0.409722222
MAR;1984;0.423611111
MAR;1988;0.444444444
MAR;1989;0.444444444
MAR;1990;0.444444444
MAR;1991;0.444444444
MAR;1985;0.472222222
MAR;1986;0.472222222
MAR;2013;0.527777778
MAR;2014;0.530092593
MAR;2016;0.534722222
MAR;2023;0.539351852
MAR;2024;0.548611111
MAR;2012;0.550925926
MAR;1992;0.555555556
MAR;2015;0.555555556
MAR;2017;0.555555556
MAR;2018;0.555555556
MAR;2019;0.555555556
MAR;2020;0.555555556
MAR;2021;0.555555556
MAR;2022;0.555555556
MAR;2005;0.583333333
MAR;1993;0.587962963
MAR;2025;0.597222222
MAR;2006;0.606481481
MAR;1994;0.611111111
MAR;2004;0.611111111
MAR;2007;0.611111111
MAR;2008;0.611111111
MAR;2009;0.611111111
MAR;2010;0.611111111
MAR;2011;0.611111111
MAR;2003;0.62037037
MAR;1995;0.662037037
MAR;1996;0.666666667
MAR;1997;0.666666667
MAR;1998;0.666666667
MAR;1999;0.666666667
MAR;2000;0.666666667
MAR;2001;0.666666667
MAR;2002;0.666666667
MDA;2014;0.416666667
MDA;2015;0.416666667
MDA;2016;0.416666667
MDA;2017;0.416666667
MDA;2018;0.416666667
MDA;2019;0.416666667
MDA;2020;0.416666667
MDA;2009;0.418981481
MDA;2021;0.418981481
MDA;2013;0.425925926
MDA;2010;0.439814815
MDA;2005;0.444444444
MDA;2006;0.444444444
MDA;2007;0.444444444
MDA;2008;0.444444444
MDA;2011;0.444444444
MDA;2012;0.444444444
MDA;2022;0.444444444
MDA;2023;0.444444444
MDA;2024;0.482638889
MDA;2004;0.486111111
MDA;2002;0.527777778
MDA;2003;0.527777778
MDA;2001;0.550925926
MDA;1999;0.555555556
MDA;2000;0.555555556
MDA;2025;0.585648148
MDG;2013;0.333333333
MDG;2014;0.333333333
MDG;2015;0.333333333
MDG;2016;0.34375
MDG;2018;0.347222222
MDG;2012;0.351851852
MDG;2017;0.356481481
MDG;2011;0.388888889
MDG;2019;0.388888889
MDG;2020;0.388888889
MDG;2021;0.388888889
MDG;2022;0.388888889
MDG;2023;0.388888889
MDG;2024;0.388888889
MDG;2025;0.388888889
MDG;2010;0.402777778
MDG;1992;0.416666667
MDG;1993;0.416666667
MDG;2002;0.428240741
MDG;2003;0.444444444
MDG;2004;0.444444444
MDG;2005;0.444444444
MDG;2006;0.444444444
MDG;2007;0.444444444
MDG;2008;0.444444444
MDG;2009;0.444444444
MDG;1994;0.472222222
MDG;1995;0.472222222
MDG;1996;0.472222222
MDG;1997;0.472222222
MDG;1998;0.472222222
MDG;1999;0.472222222
MDG;2000;0.472222222
MDG;2001;0.472222222
MDG;1991;0.537037037
MDG;1990;0.578703704
MDG;1985;0.611111111
MDG;1986;0.611111111
MDG;1987;0.611111111
MDG;1988;0.611111111
MDG;1989;0.611111111
MEX;2015;0.375
MEX;2016;0.375
MEX;2017;0.375
MEX;2018;0.375
MEX;2019;0.375
MEX;2021;0.375
MEX;2022;0.375
MEX;2023;0.375
MEX;2024;0.375
MEX;2025;0.37962963
MEX;2020;0.391203704
MEX;1986;0.416666667
MEX;1987;0.430555556
MEX;2014;0.444444444
MEX;2012;0.449074074
MEX;1985;0.456018519
MEX;2013;0.465277778
MEX;1996;0.472222222
MEX;1999;0.472222222
MEX;2002;0.472222222
MEX;2003;0.472222222
MEX;2009;0.490740741
MEX;2011;0.490740741
MEX;1988;0.5
MEX;1989;0.5
MEX;1990;0.5
MEX;1991;0.5
MEX;1992;0.5
MEX;1993;0.5
MEX;1994;0.5
MEX;1995;0.5
MEX;2010;0.5
MEX;1997;0.502314815
MEX;2000;0.518518519
MEX;2004;0.523148148
MEX;2008;0.525462963
MEX;2005;0.527777778
MEX;2006;0.527777778
MEX;2007;0.527777778
MEX;1998;0.550925926
MEX;2001;0.550925926
MEX;1984;0.555555556
MLI;1984;0.166666667
MLI;1985;0.166666667
MLI;1986;0.166666667
MLI;1987;0.166666667
MLI;1988;0.166666667
MLI;1992;0.166666667
MLI;1989;0.194444444
MLI;1991;0.208333333
MLI;1990;0.222222222
MLI;2013;0.25
MLI;2023;0.25
MLI;2024;0.25
MLI;2025;0.25
MLI;2014;0.252314815
MLI;2012;0.259259259
MLI;1998;0.277777778
MLI;1999;0.277777778
MLI;2000;0.277777778
MLI;2001;0.277777778
MLI;2005;0.277777778
MLI;2006;0.277777778
MLI;2007;0.277777778
MLI;2008;0.277777778
MLI;2009;0.277777778
MLI;2010;0.277777778
MLI;2011;0.277777778
MLI;2015;0.277777778
MLI;2016;0.277777778
MLI;2017;0.277777778
MLI;2018;0.277777778
MLI;2019;0.277777778
MLI;2020;0.277777778
MLI;2021;0.277777778
MLI;2022;0.277777778
MLI;2004;0.291666667
MLI;2002;0.296296296
MLI;1997;0.314814815
MLI;1993;0.333333333
MLI;1994;0.333333333
MLI;1995;0.333333333
MLI;1996;0.333333333
MLI;2003;0.333333333
MLT;1986;0.444444444
MLT;1987;0.444444444
MLT;1988;0.444444444
MLT;1989;0.444444444
MLT;1990;0.444444444
MLT;1991;0.537037037
MLT;2025;0.62037037
MLT;2024;0.650462963
MLT;1992;0.666666667
MLT;1993;0.666666667
MLT;2019;0.666666667
MLT;2022;0.666666667
MLT;2023;0.666666667
MLT;2018;0.671296296
MLT;2020;0.678240741
MLT;2021;0.678240741
MLT;2002;0.694444444
MLT;2003;0.694444444
MLT;2004;0.694444444
MLT;1994;0.712962963
MLT;2001;0.722222222
MLT;2005;0.722222222
MLT;2006;0.722222222
MLT;2007;0.722222222
MLT;2008;0.722222222
MLT;2009;0.722222222
MLT;2010;0.722222222
MLT;2011;0.722222222
MLT;2012;0.722222222
MLT;2013;0.722222222
MLT;2014;0.722222222
MLT;2015;0.722222222
MLT;2016;0.722222222
MLT;2017;0.722222222
MLT;1995;0.743055556
MLT;2000;0.777777778
MLT;1998;0.805555556
MLT;1999;0.805555556
MLT;1997;0.829861111
MLT;1996;0.847222222
MMR;1984;0.222222222
MMR;1985;0.222222222
MMR;1986;0.222222222
MMR;1987;0.222222222
MMR;1988;0.222222222
MMR;1989;0.222222222
MMR;1990;0.222222222
MMR;1991;0.222222222
MMR;1992;0.222222222
MMR;1997;0.305555556
MMR;1998;0.305555556
MMR;1999;0.305555556
MMR;2000;0.305555556
MMR;2001;0.305555556
MMR;2002;0.305555556
MMR;2003;0.305555556
MMR;2004;0.305555556
MMR;2005;0.305555556
MMR;2006;0.305555556
MMR;2007;0.326388889
MMR;2008;0.333333333
MMR;2009;0.333333333
MMR;2010;0.333333333
MMR;2011;0.333333333
MMR;2012;0.333333333
MMR;2013;0.333333333
MMR;2014;0.333333333
MMR;2015;0.333333333
MMR;2022;0.333333333
MMR;2023;0.333333333
MMR;2024;0.333333333
MMR;2025;0.333333333
MMR;2016;0.340277778
MMR;2021;0.347222222
MMR;2017;0.361111111
MMR;2018;0.361111111
MMR;2019;0.361111111
MMR;2020;0.361111111
MMR;1993;0.416666667
MMR;1994;0.416666667
MMR;1996;0.421296296
MMR;1995;0.467592593
MNG;1986;0.361111111
MNG;1987;0.361111111
MNG;1988;0.361111111
MNG;1989;0.361111111
MNG;1990;0.479166667
MNG;2002;0.5
MNG;2003;0.5
MNG;2004;0.5
MNG;2005;0.5
MNG;2006;0.5
MNG;2007;0.5
MNG;2008;0.5
MNG;2009;0.5
MNG;2010;0.5
MNG;2011;0.5
MNG;2012;0.5
MNG;2013;0.5
MNG;2014;0.5
MNG;2015;0.5
MNG;2016;0.5
MNG;2017;0.5
MNG;2018;0.513888889
MNG;2022;0.513888889
MNG;2021;0.518518519
MNG;2023;0.525462963
MNG;2025;0.525462963
MNG;2024;0.527777778
MNG;2019;0.539351852
MNG;2020;0.541666667
MNG;2001;0.546296296
MNG;1991;0.555555556
MNG;1992;0.555555556
MNG;2000;0.555555556
MNG;1999;0.569444444
MNG;1993;0.583333333
MNG;1994;0.611111111
MNG;1995;0.611111111
MNG;1996;0.611111111
MNG;1997;0.611111111
MNG;1998;0.611111111
MOZ;2001;0.277777778
MOZ;2000;0.287037037
MOZ;2002;0.314814815
MOZ;2003;0.333333333
MOZ;2004;0.333333333
MOZ;2005;0.333333333
MOZ;2006;0.333333333
MOZ;2007;0.342592593
MOZ;2008;0.361111111
MOZ;2009;0.361111111
MOZ;2010;0.361111111
MOZ;2011;0.361111111
MOZ;2012;0.361111111
MOZ;2013;0.361111111
MOZ;2014;0.361111111
MOZ;2015;0.361111111
MOZ;2016;0.361111111
MOZ;2017;0.361111111
MOZ;1998;0.388888889
MOZ;1999;0.388888889
MOZ;2018;0.416666667
MOZ;1992;0.444444444
MOZ;2019;0.444444444
MOZ;2020;0.444444444
MOZ;2021;0.444444444
MOZ;2022;0.456018519
MOZ;1993;0.481481481
MOZ;1997;0.486111111
MOZ;1990;0.5
MOZ;1994;0.5
MOZ;2023;0.513888889
MOZ;2024;0.513888889
MOZ;2025;0.513888889
MOZ;1989;0.527777778
MOZ;1991;0.530092593
MOZ;1995;0.537037037
MOZ;1985;0.555555556
MOZ;1986;0.555555556
MOZ;1987;0.555555556
MOZ;1988;0.555555556
MOZ;1996;0.555555556
MWI;1992;0.361111111
MWI;1993;0.375
MWI;1991;0.388888889
MWI;1984;0.416666667
MWI;1985;0.416666667
MWI;1986;0.416666667
MWI;1987;0.416666667
MWI;1988;0.416666667
MWI;1989;0.416666667
MWI;1990;0.416666667
MWI;1994;0.416666667
MWI;2008;0.427083333
MWI;2007;0.4375
MWI;2003;0.444444444
MWI;2004;0.444444444
MWI;2005;0.444444444
MWI;2006;0.444444444
MWI;2002;0.446759259
MWI;2009;0.458333333
MWI;2013;0.458333333
MWI;2014;0.458333333
MWI;2015;0.458333333
MWI;2016;0.458333333
MWI;2017;0.458333333
MWI;2018;0.458333333
MWI;2019;0.458333333
MWI;2012;0.462962963
MWI;1995;0.467592593
MWI;1996;0.472222222
MWI;2011;0.486111111
MWI;2010;0.497685185
MWI;1997;0.506944444
MWI;2023;0.513888889
MWI;2024;0.513888889
MWI;2025;0.524305556
MWI;2020;0.532407407
MWI;2022;0.532407407
MWI;2001;0.548611111
MWI;1998;0.555555556
MWI;1999;0.555555556
MWI;2000;0.555555556
MWI;2021;0.569444444
MYS;1989;0.555555556
MYS;1990;0.555555556
MYS;1991;0.555555556
MYS;1992;0.555555556
MYS;2002;0.555555556
MYS;2003;0.555555556
MYS;2001;0.564814815
MYS;2000;0.583333333
MYS;2004;0.592592593
MYS;1993;0.601851852
MYS;1999;0.601851852
MYS;2006;0.604166667
MYS;2005;0.606481481
MYS;1988;0.611111111
MYS;2008;0.611111111
MYS;2009;0.611111111
MYS;2010;0.611111111
MYS;2011;0.611111111
MYS;2012;0.611111111
MYS;2013;0.611111111
MYS;2014;0.611111111
MYS;2015;0.611111111
MYS;2016;0.611111111
MYS;2017;0.611111111
MYS;2018;0.611111111
MYS;2019;0.611111111
MYS;2020;0.611111111
MYS;2021;0.611111111
MYS;2022;0.62037037
MYS;2007;0.62962963
MYS;2023;0.638888889
MYS;2024;0.638888889
MYS;2025;0.655092593
MYS;1994;0.666666667
MYS;1995;0.666666667
MYS;1998;0.731481481
MYS;1987;0.736111111
MYS;1996;0.75
MYS;1997;0.75
MYS;1986;0.768518519
MYS;1984;0.787037037
MYS;1985;0.805555556
NAM;1990;0.444444444
NAM;2005;0.527777778
NAM;2006;0.527777778
NAM;2007;0.527777778
NAM;1991;0.541666667
NAM;2004;0.560185185
NAM;2003;0.583333333
NAM;2008;0.583333333
NAM;2009;0.583333333
NAM;2002;0.587962963
NAM;2010;0.604166667
NAM;2011;0.611111111
NAM;2012;0.611111111
NAM;2013;0.611111111
NAM;2014;0.611111111
NAM;2015;0.611111111
NAM;2016;0.611111111
NAM;2017;0.611111111
NAM;2018;0.611111111
NAM;2019;0.611111111
NAM;2020;0.611111111
NAM;2021;0.611111111
NAM;2022;0.611111111
NAM;2023;0.611111111
NAM;2024;0.611111111
NAM;2025;0.611111111
NAM;2001;0.648148148
NAM;1998;0.666666667
NAM;1999;0.666666667
NAM;2000;0.666666667
NAM;1992;0.736111111
NAM;1997;0.771990741
NAM;1993;0.847222222
NAM;1994;0.847222222
NAM;1996;0.875
NAM;1995;0.898148148
NER;1997;0.194444444
NER;1998;0.194444444
NER;1999;0.194444444
NER;2000;0.25
NER;2001;0.25
NER;2002;0.25
NER;2003;0.25
NER;2004;0.25
NER;2005;0.25
NER;2006;0.25
NER;2007;0.266203704
NER;2008;0.3125
NER;2009;0.319444444
NER;2010;0.319444444
NER;2011;0.319444444
NER;2012;0.319444444
NER;2013;0.319444444
NER;2014;0.319444444
NER;2015;0.319444444
NER;2016;0.319444444
NER;2017;0.319444444
NER;2018;0.319444444
NER;2019;0.319444444
NER;2020;0.319444444
NER;1996;0.337962963
NER;2021;0.357638889
NER;1992;0.361111111
NER;1993;0.361111111
NER;1994;0.361111111
NER;1995;0.361111111
NER;2022;0.361111111
NER;2023;0.361111111
NER;2024;0.361111111
NER;2025;0.361111111
NER;1991;0.486111111
NER;1990;0.625
NER;1985;0.694444444
NER;1986;0.694444444
NER;1987;0.694444444
NER;1988;0.694444444
NER;1989;0.694444444
NGA;1984;0.148148148
NGA;2002;0.222222222
NGA;2003;0.222222222
NGA;2004;0.222222222
NGA;1985;0.25
NGA;1986;0.25
NGA;1987;0.25
NGA;1998;0.25
NGA;2005;0.25
NGA;1988;0.263888889
NGA;1999;0.263888889
NGA;2006;0.277777778
NGA;2007;0.277777778
NGA;2008;0.277777778
NGA;2009;0.277777778
NGA;2010;0.277777778
NGA;2011;0.277777778
NGA;2012;0.277777778
NGA;2013;0.277777778
NGA;2014;0.277777778
NGA;2015;0.277777778
NGA;2016;0.277777778
NGA;2017;0.277777778
NGA;2001;0.282407407
NGA;2018;0.284722222
NGA;2000;0.305555556
NGA;2019;0.319444444
NGA;2020;0.319444444
NGA;2021;0.319444444
NGA;2022;0.319444444
NGA;1989;0.333333333
NGA;1990;0.333333333
NGA;2023;0.359953704
NGA;1997;0.375
NGA;1991;0.384259259
NGA;2024;0.388888889
NGA;2025;0.388888889
NGA;1992;0.444444444
NGA;1993;0.444444444
NGA;1994;0.444444444
NGA;1995;0.444444444
NGA;1996;0.444444444
NIC;1984;0.222222222
NIC;2022;0.25
NIC;2023;0.25
NIC;2024;0.25
NIC;2021;0.284722222
NIC;2025;0.313657407
NIC;2019;0.333333333
NIC;2020;0.333333333
NIC;2018;0.342592593
NIC;2013;0.361111111
NIC;2014;0.361111111
NIC;2015;0.361111111
NIC;2016;0.361111111
NIC;2017;0.361111111
NIC;2012;0.37962963
NIC;2011;0.416666667
NIC;2010;0.4375
NIC;1985;0.439814815
NIC;2003;0.444444444
NIC;2004;0.444444444
NIC;2005;0.444444444
NIC;2006;0.444444444
NIC;2007;0.444444444
NIC;2008;0.444444444
NIC;2009;0.444444444
NIC;2002;0.451388889
NIC;1986;0.472222222
NIC;1987;0.472222222
NIC;1988;0.472222222
NIC;1989;0.472222222
NIC;1990;0.472222222
NIC;1991;0.472222222
NIC;1992;0.472222222
NIC;2001;0.509259259
NIC;1993;0.527777778
NIC;1994;0.527777778
NIC;1997;0.527777778
NIC;1998;0.527777778
NIC;1999;0.527777778
NIC;2000;0.527777778
NIC;1996;0.578703704
NIC;1995;0.583333333
NLD;2002;0.944444444
NLD;2003;0.944444444
NLD;2004;0.944444444
NLD;2005;0.944444444
NLD;2006;0.944444444
NLD;2007;0.944444444
NLD;2008;0.944444444
NLD;2009;0.944444444
NLD;2010;0.944444444
NLD;2011;0.944444444
NLD;2012;0.944444444
NLD;2013;0.944444444
NLD;2014;0.944444444
NLD;2015;0.944444444
NLD;2016;0.944444444
NLD;2017;0.944444444
NLD;2018;0.944444444
NLD;2019;0.944444444
NLD;2020;0.944444444
NLD;2021;0.944444444
NLD;2022;0.944444444
NLD;2023;0.944444444
NLD;2024;0.944444444
NLD;2025;0.944444444
NLD;2001;0.990740741
NLD;1984;1
NLD;1985;1
NLD;1986;1
NLD;1987;1
NLD;1988;1
NLD;1989;1
NLD;1990;1
NLD;1991;1
NLD;1992;1
NLD;1993;1
NLD;1994;1
NLD;1995;1
NLD;1996;1
NLD;1997;1
NLD;1998;1
NLD;1999;1
NLD;2000;1
NOR;1997;0.944444444
NOR;1998;0.944444444
NOR;1999;0.944444444
NOR;2000;0.944444444
NOR;2001;0.944444444
NOR;2002;0.944444444
NOR;2003;0.944444444
NOR;2004;0.944444444
NOR;2005;0.944444444
NOR;2006;0.944444444
NOR;2007;0.944444444
NOR;2008;0.944444444
NOR;2009;0.944444444
NOR;2010;0.944444444
NOR;2011;0.944444444
NOR;2019;0.944444444
NOR;2020;0.944444444
NOR;2021;0.944444444
NOR;2022;0.944444444
NOR;2023;0.944444444
NOR;2024;0.944444444
NOR;2025;0.944444444
NOR;1986;0.958333333
NOR;1987;0.958333333
NOR;1988;0.958333333
NOR;1989;0.958333333
NOR;1990;0.958333333
NOR;1991;0.958333333
NOR;1992;0.958333333
NOR;1993;0.958333333
NOR;2012;0.962962963
NOR;1985;0.965277778
NOR;2018;0.967592593
NOR;1996;0.972222222
NOR;2013;0.972222222
NOR;2014;0.972222222
NOR;2015;0.972222222
NOR;2016;0.972222222
NOR;2017;0.972222222
NOR;1994;0.975694444
NOR;1984;1
NOR;1995;1
NZL;2023;0.916666667
NZL;2024;0.916666667
NZL;2025;0.916666667
NZL;2022;0.925925926
NZL;1997;0.944444444
NZL;1998;0.944444444
NZL;1999;0.944444444
NZL;2000;0.944444444
NZL;2006;0.944444444
NZL;2007;0.944444444
NZL;2008;0.944444444
NZL;2009;0.944444444
NZL;2010;0.944444444
NZL;2011;0.944444444
NZL;2012;0.944444444
NZL;2013;0.944444444
NZL;2014;0.944444444
NZL;2015;0.944444444
NZL;2016;0.944444444
NZL;2017;0.944444444
NZL;2018;0.944444444
NZL;2019;0.944444444
NZL;2020;0.944444444
NZL;2021;0.944444444
NZL;2001;0.949074074
NZL;1996;0.953703704
NZL;2005;0.960648148
NZL;2002;0.972222222
NZL;2003;0.972222222
NZL;2004;0.972222222
NZL;1984;1
NZL;1985;1
NZL;1986;1
NZL;1987;1
NZL;1988;1
NZL;1989;1
NZL;1990;1
NZL;1991;1
NZL;1992;1
NZL;1993;1
NZL;1994;1
NZL;1995;1
OMN;1985;0.5
OMN;1986;0.5
OMN;1987;0.5
OMN;1988;0.550925926
OMN;1989;0.555555556
OMN;1990;0.555555556
OMN;1991;0.555555556
OMN;2002;0.583333333
OMN;2003;0.583333333
OMN;2004;0.583333333
OMN;2005;0.583333333
OMN;2006;0.583333333
OMN;2007;0.583333333
OMN;2008;0.583333333
OMN;2009;0.583333333
OMN;2010;0.583333333
OMN;2011;0.583333333
OMN;2012;0.583333333
OMN;2013;0.583333333
OMN;2024;0.583333333
OMN;2025;0.583333333
OMN;2014;0.585648148
OMN;2023;0.594907407
OMN;2001;0.597222222
OMN;1998;0.611111111
OMN;1999;0.611111111
OMN;2000;0.611111111
OMN;2015;0.611111111
OMN;2016;0.611111111
OMN;2017;0.611111111
OMN;2018;0.611111111
OMN;2019;0.611111111
OMN;2020;0.611111111
OMN;2021;0.611111111
OMN;2022;0.611111111
OMN;1992;0.638888889
OMN;1993;0.638888889
OMN;1997;0.659722222
OMN;1994;0.680555556
OMN;1995;0.694444444
OMN;1996;0.694444444
PAK;1984;0.270833333
PAK;1991;0.333333333
PAK;1990;0.337962963
PAK;1992;0.347222222
PAK;1985;0.388888889
PAK;1986;0.388888889
PAK;1987;0.388888889
PAK;1988;0.388888889
PAK;1989;0.388888889
PAK;1993;0.388888889
PAK;2023;0.402777778
PAK;2022;0.413194444
PAK;2002;0.416666667
PAK;2003;0.416666667
PAK;2004;0.416666667
PAK;2005;0.416666667
PAK;2006;0.416666667
PAK;2024;0.416666667
PAK;1994;0.439814815
PAK;2001;0.439814815
PAK;2007;0.44212963
PAK;1995;0.444444444
PAK;2000;0.444444444
PAK;2008;0.444444444
PAK;2009;0.444444444
PAK;2015;0.444444444
PAK;2016;0.444444444
PAK;2017;0.444444444
PAK;2018;0.444444444
PAK;2019;0.444444444
PAK;2020;0.444444444
PAK;2021;0.444444444
PAK;2025;0.444444444
PAK;2014;0.456018519
PAK;2010;0.467592593
PAK;1999;0.472222222
PAK;2011;0.472222222
PAK;2012;0.472222222
PAK;2013;0.472222222
PAK;1996;0.476851852
PAK;1998;0.5
PAK;1997;0.546296296
PAN;1984;0.222222222
PAN;1985;0.222222222
PAN;1986;0.222222222
PAN;1987;0.222222222
PAN;1988;0.222222222
PAN;1989;0.222222222
PAN;1990;0.222222222
PAN;1991;0.222222222
PAN;1992;0.222222222
PAN;1993;0.263888889
PAN;1994;0.298611111
PAN;1995;0.361111111
PAN;1996;0.361111111
PAN;1997;0.430555556
PAN;2002;0.444444444
PAN;2003;0.444444444
PAN;2004;0.444444444
PAN;2005;0.444444444
PAN;2006;0.444444444
PAN;2007;0.444444444
PAN;2008;0.444444444
PAN;2009;0.444444444
PAN;2010;0.444444444
PAN;2011;0.444444444
PAN;2012;0.444444444
PAN;2013;0.444444444
PAN;2014;0.444444444
PAN;2015;0.444444444
PAN;2016;0.444444444
PAN;2017;0.444444444
PAN;2018;0.444444444
PAN;2019;0.444444444
PAN;2020;0.444444444
PAN;2021;0.444444444
PAN;2022;0.444444444
PAN;2023;0.444444444
PAN;2024;0.444444444
PAN;2025;0.444444444
PAN;2001;0.479166667
PAN;1998;0.527777778
PAN;1999;0.527777778
PAN;2000;0.527777778
PER;1984;0.287037037
PER;1985;0.305555556
PER;1986;0.305555556
PER;1987;0.305555556
PER;1988;0.305555556
PER;1989;0.305555556
PER;1990;0.305555556
PER;1991;0.305555556
PER;1992;0.324074074
PER;1993;0.388888889
PER;1994;0.416666667
PER;1995;0.416666667
PER;1996;0.416666667
PER;2025;0.421296296
PER;2002;0.444444444
PER;2013;0.444444444
PER;2014;0.444444444
PER;2015;0.444444444
PER;1997;0.451388889
PER;2012;0.453703704
PER;2024;0.453703704
PER;2003;0.467592593
PER;2016;0.467592593
PER;2004;0.472222222
PER;2005;0.472222222
PER;2006;0.472222222
PER;2007;0.472222222
PER;2008;0.472222222
PER;2018;0.472222222
PER;2017;0.476851852
PER;2023;0.476851852
PER;2011;0.488425926
PER;2019;0.489583333
PER;2009;0.493055556
PER;1998;0.5
PER;1999;0.5
PER;2010;0.5
PER;2022;0.5
PER;2000;0.50462963
PER;2021;0.516203704
PER;2001;0.537037037
PER;2020;0.541666667
PHL;1985;0.111111111
PHL;1984;0.138888889
PHL;1988;0.166666667
PHL;1989;0.166666667
PHL;1990;0.166666667
PHL;1991;0.166666667
PHL;1987;0.222222222
PHL;1986;0.231481481
PHL;1992;0.284722222
PHL;1993;0.435185185
PHL;2002;0.444444444
PHL;2001;0.467592593
PHL;2003;0.467592593
PHL;1994;0.472222222
PHL;1995;0.472222222
PHL;2004;0.472222222
PHL;2005;0.486111111
PHL;2006;0.5
PHL;2007;0.5
PHL;2008;0.5
PHL;2009;0.5
PHL;2010;0.5
PHL;2011;0.5
PHL;2012;0.5
PHL;2013;0.513888889
PHL;2024;0.516203704
PHL;2014;0.527777778
PHL;2015;0.527777778
PHL;2016;0.527777778
PHL;2017;0.527777778
PHL;2018;0.527777778
PHL;2019;0.527777778
PHL;2020;0.527777778
PHL;2021;0.527777778
PHL;2022;0.527777778
PHL;2023;0.527777778
PHL;1996;0.541666667
PHL;2025;0.545138889
PHL;2000;0.555555556
PHL;1997;0.590277778
PHL;1998;0.662037037
PHL;1999;0.694444444
PNG;2002;0.333333333
PNG;2003;0.333333333
PNG;2004;0.333333333
PNG;2001;0.342592593
PNG;2005;0.347222222
PNG;2006;0.361111111
PNG;2007;0.361111111
PNG;2008;0.361111111
PNG;2009;0.361111111
PNG;2000;0.398148148
PNG;2010;0.402777778
PNG;2011;0.416666667
PNG;2012;0.416666667
PNG;2013;0.416666667
PNG;2014;0.430555556
PNG;2015;0.444444444
PNG;2016;0.444444444
PNG;2017;0.444444444
PNG;2018;0.444444444
PNG;2019;0.444444444
PNG;2023;0.444444444
PNG;2024;0.444444444
PNG;2025;0.454861111
PNG;2020;0.460648148
PNG;2022;0.462962963
PNG;2021;0.472222222
PNG;1999;0.50462963
PNG;1998;0.555555556
PNG;1997;0.571759259
PNG;1991;0.583333333
PNG;1992;0.583333333
PNG;1993;0.583333333
PNG;1994;0.583333333
PNG;1995;0.583333333
PNG;1996;0.583333333
PNG;1990;0.587962963
PNG;1984;0.638888889
PNG;1985;0.638888889
PNG;1986;0.638888889
PNG;1988;0.638888889
PNG;1989;0.638888889
PNG;1987;0.643518519
POL;1984;0.472222222
POL;1985;0.527777778
POL;1986;0.527777778
POL;1987;0.527777778
POL;1988;0.527777778
POL;1989;0.527777778
POL;2002;0.583333333
POL;2003;0.583333333
POL;2004;0.583333333
POL;2022;0.583333333
POL;2023;0.583333333
POL;2024;0.583333333
POL;2025;0.583333333
POL;2021;0.594907407
POL;2005;0.604166667
POL;2019;0.611111111
POL;2020;0.611111111
POL;2001;0.625
POL;2018;0.634259259
POL;2000;0.638888889
POL;2006;0.638888889
POL;2007;0.638888889
POL;2008;0.638888889
POL;2009;0.638888889
POL;2010;0.638888889
POL;2011;0.638888889
POL;2017;0.655092593
POL;2012;0.657407407
POL;2013;0.666666667
POL;2014;0.668981481
POL;1990;0.689814815
POL;2015;0.694444444
POL;2016;0.694444444
POL;1999;0.708333333
POL;1991;0.75
POL;1998;0.805555556
POL;1997;0.829861111
POL;1996;0.833333333
POL;1992;0.842592593
POL;1995;0.859953704
POL;1993;0.861111111
POL;1994;0.861111111
PRK;2018;0.277777778
PRK;2019;0.277777778
PRK;2020;0.277777778
PRK;2021;0.277777778
PRK;2022;0.277777778
PRK;2023;0.277777778
PRK;2024;0.277777778
PRK;2025;0.277777778
PRK;2017;0.282407407
PRK;2015;0.305555556
PRK;2016;0.305555556
PRK;2014;0.328703704
PRK;2002;0.333333333
PRK;2003;0.333333333
PRK;2004;0.333333333
PRK;2005;0.333333333
PRK;2006;0.333333333
PRK;2007;0.333333333
PRK;2008;0.333333333
PRK;2009;0.333333333
PRK;2010;0.333333333
PRK;2011;0.333333333
PRK;2012;0.333333333
PRK;2013;0.333333333
PRK;2001;0.351851852
PRK;1992;0.361111111
PRK;1998;0.388888889
PRK;1999;0.388888889
PRK;2000;0.388888889
PRK;1993;0.402777778
PRK;1994;0.421296296
PRK;1997;0.4375
PRK;1996;0.5
PRK;1991;0.506944444
PRK;1995;0.523148148
PRK;1988;0.555555556
PRK;1989;0.555555556
PRK;1990;0.555555556
PRK;1987;0.578703704
PRK;1985;0.611111111
PRK;1986;0.611111111
PRT;1986;0.645833333
PRT;1984;0.652777778
PRT;1985;0.652777778
PRT;1987;0.689814815
PRT;2025;0.712962963
PRT;1988;0.722222222
PRT;1989;0.722222222
PRT;2002;0.722222222
PRT;2003;0.722222222
PRT;2004;0.722222222
PRT;2013;0.722222222
PRT;2024;0.722222222
PRT;2014;0.724537037
PRT;2012;0.731481481
PRT;2023;0.733796296
PRT;1990;0.736111111
PRT;2005;0.75
PRT;2006;0.75
PRT;2007;0.75
PRT;2008;0.75
PRT;2009;0.75
PRT;2010;0.75
PRT;2011;0.75
PRT;2015;0.75
PRT;2016;0.75
PRT;2017;0.75
PRT;2018;0.75
PRT;2019;0.75
PRT;2020;0.75
PRT;2021;0.75
PRT;2022;0.75
PRT;2001;0.777777778
PRT;1991;0.805555556
PRT;1992;0.805555556
PRT;1993;0.805555556
PRT;1998;0.805555556
PRT;1999;0.805555556
PRT;2000;0.805555556
PRT;1997;0.814814815
PRT;1994;0.819444444
PRT;1995;0.837962963
PRT;1996;0.837962963
PRY;1987;0.111111111
PRY;1988;0.111111111
PRY;1989;0.111111111
PRY;1990;0.111111111
PRY;1986;0.115740741
PRY;1985;0.166666667
PRY;1991;0.194444444
PRY;1984;0.208333333
PRY;2003;0.25
PRY;2004;0.25
PRY;2005;0.25
PRY;2006;0.25
PRY;2007;0.25
PRY;2008;0.25
PRY;2009;0.25
PRY;2002;0.259259259
PRY;2010;0.270833333
PRY;2011;0.277777778
PRY;2012;0.277777778
PRY;2013;0.277777778
PRY;2014;0.284722222
PRY;2015;0.305555556
PRY;2016;0.309027778
PRY;2017;0.347222222
PRY;2018;0.347222222
PRY;2019;0.347222222
PRY;2023;0.347222222
PRY;2024;0.347222222
PRY;2001;0.351851852
PRY;2000;0.361111111
PRY;2025;0.363425926
PRY;1999;0.365740741
PRY;2020;0.368055556
PRY;2022;0.37037037
PRY;2021;0.375
PRY;1998;0.416666667
PRY;1997;0.465277778
PRY;1994;0.5
PRY;1995;0.5
PRY;1996;0.5
PRY;1993;0.509259259
PRY;1992;0.541666667
QAT;1985;0.361111111
QAT;1986;0.361111111
QAT;1987;0.361111111
QAT;1988;0.361111111
QAT;1989;0.361111111
QAT;1990;0.361111111
QAT;1991;0.361111111
QAT;1992;0.444444444
QAT;1993;0.472222222
QAT;2003;0.555555556
QAT;2004;0.555555556
QAT;1994;0.583333333
QAT;2002;0.583333333
QAT;2005;0.583333333
QAT;2006;0.583333333
QAT;2007;0.583333333
QAT;2008;0.583333333
QAT;2009;0.583333333
QAT;2010;0.583333333
QAT;2011;0.583333333
QAT;2012;0.601851852
QAT;1995;0.611111111
QAT;1996;0.611111111
QAT;1997;0.611111111
QAT;1998;0.611111111
QAT;1999;0.611111111
QAT;2000;0.611111111
QAT;2001;0.611111111
QAT;2013;0.611111111
QAT;2024;0.611111111
QAT;2025;0.611111111
QAT;2014;0.615740741
QAT;2023;0.622685185
QAT;2018;0.638888889
QAT;2019;0.638888889
QAT;2020;0.638888889
QAT;2021;0.638888889
QAT;2022;0.638888889
QAT;2017;0.648148148
QAT;2015;0.666666667
QAT;2016;0.666666667
ROU;1984;0.222222222
ROU;1985;0.222222222
ROU;1986;0.222222222
ROU;1987;0.222222222
ROU;1988;0.222222222
ROU;1989;0.222222222
ROU;2013;0.388888889
ROU;2018;0.388888889
ROU;2014;0.391203704
ROU;2019;0.391203704
ROU;2017;0.409722222
ROU;2012;0.412037037
ROU;2002;0.416666667
ROU;2015;0.416666667
ROU;2016;0.416666667
ROU;2020;0.416666667
ROU;2021;0.416666667
ROU;2022;0.416666667
ROU;2023;0.416666667
ROU;1990;0.418981481
ROU;2003;0.43287037
ROU;2004;0.444444444
ROU;2005;0.444444444
ROU;2006;0.444444444
ROU;2007;0.444444444
ROU;2008;0.444444444
ROU;2009;0.444444444
ROU;2010;0.444444444
ROU;2011;0.444444444
ROU;2001;0.462962963
ROU;1991;0.472222222
ROU;2000;0.472222222
ROU;2024;0.472222222
ROU;1999;0.476851852
ROU;2025;0.5
ROU;1992;0.509259259
ROU;1997;0.527777778
ROU;1998;0.527777778
ROU;1996;0.532407407
ROU;1993;0.569444444
ROU;1994;0.583333333
ROU;1995;0.583333333
RUS;2000;0.305555556
RUS;2001;0.305555556
RUS;1999;0.324074074
RUS;2002;0.328703704
RUS;2013;0.333333333
RUS;2014;0.333333333
RUS;2015;0.333333333
RUS;2016;0.333333333
RUS;2017;0.333333333
RUS;2018;0.333333333
RUS;2012;0.37037037
RUS;2003;0.375
RUS;2019;0.381944444
RUS;1998;0.388888889
RUS;2004;0.414351852
RUS;2005;0.416666667
RUS;2006;0.416666667
RUS;2007;0.416666667
RUS;2008;0.416666667
RUS;2009;0.416666667
RUS;2010;0.416666667
RUS;2011;0.416666667
RUS;2020;0.416666667
RUS;2021;0.416666667
RUS;2022;0.416666667
RUS;2023;0.416666667
RUS;2024;0.416666667
RUS;2025;0.416666667
RUS;1997;0.465277778
RUS;1994;0.5
RUS;1995;0.50462963
RUS;1993;0.509259259
RUS;1996;0.518518519
RUS;1992;0.583333333
SAU;1992;0.523148148
SAU;1991;0.527777778
SAU;1993;0.555555556
SAU;1994;0.555555556
SAU;1996;0.555555556
SAU;1997;0.555555556
SAU;1998;0.555555556
SAU;1999;0.555555556
SAU;2000;0.555555556
SAU;2001;0.555555556
SAU;2002;0.555555556
SAU;2003;0.555555556
SAU;2004;0.555555556
SAU;2005;0.555555556
SAU;2006;0.555555556
SAU;2007;0.555555556
SAU;2008;0.555555556
SAU;2009;0.555555556
SAU;1990;0.560185185
SAU;2010;0.576388889
SAU;1988;0.583333333
SAU;1989;0.583333333
SAU;1995;0.583333333
SAU;2011;0.583333333
SAU;2012;0.583333333
SAU;2013;0.583333333
SAU;2014;0.585648148
SAU;2015;0.611111111
SAU;2016;0.611111111
SAU;2017;0.613425926
SAU;1984;0.618055556
SAU;1985;0.638888889
SAU;1986;0.638888889
SAU;1987;0.638888889
SAU;2018;0.638888889
SAU;2019;0.638888889
SAU;2020;0.638888889
SAU;2021;0.673611111
SAU;2022;0.697916667
SAU;2023;0.726851852
SAU;2024;0.75
SAU;2025;0.805555556
SCG;1992;0.333333333
SCG;2000;0.347222222
SCG;1993;0.37037037
SCG;2001;0.37962963
SCG;2002;0.388888889
SCG;1999;0.398148148
SCG;2003;0.4375
SCG;1994;0.472222222
SCG;2004;0.472222222
SCG;2005;0.472222222
SCG;1998;0.564814815
SCG;1995;0.583333333
SCG;1996;0.611111111
SCG;1997;0.611111111
SDN;1990;0.166666667
SDN;1991;0.166666667
SDN;1984;0.189814815
SDN;1989;0.217592593
SDN;1985;0.222222222
SDN;1986;0.222222222
SDN;1987;0.222222222
SDN;1988;0.222222222
SDN;1997;0.25
SDN;1998;0.25
SDN;1999;0.25
SDN;2000;0.25
SDN;2001;0.25
SDN;2002;0.277777778
SDN;2003;0.277777778
SDN;2004;0.277777778
SDN;2005;0.277777778
SDN;2006;0.277777778
SDN;2007;0.277777778
SDN;2008;0.277777778
SDN;2009;0.277777778
SDN;2010;0.277777778
SDN;2011;0.277777778
SDN;1996;0.296296296
SDN;1994;0.305555556
SDN;1995;0.305555556
SDN;1993;0.342592593
SDN;1992;0.361111111
SEN;2009;0.361111111
SEN;2010;0.361111111
SEN;2011;0.361111111
SEN;2016;0.361111111
SEN;2017;0.361111111
SEN;2018;0.361111111
SEN;2015;0.365740741
SEN;2008;0.37037037
SEN;2012;0.375
SEN;2002;0.388888889
SEN;2003;0.388888889
SEN;2004;0.388888889
SEN;2005;0.388888889
SEN;2006;0.388888889
SEN;2007;0.388888889
SEN;2013;0.388888889
SEN;2014;0.388888889
SEN;2019;0.402777778
SEN;2020;0.402777778
SEN;2021;0.408564815
SEN;1998;0.416666667
SEN;1999;0.416666667
SEN;2000;0.416666667
SEN;2001;0.416666667
SEN;1984;0.444444444
SEN;1985;0.444444444
SEN;1986;0.444444444
SEN;1987;0.444444444
SEN;1988;0.444444444
SEN;1989;0.444444444
SEN;1990;0.444444444
SEN;1991;0.444444444
SEN;1992;0.444444444
SEN;1993;0.444444444
SEN;1994;0.444444444
SEN;2023;0.444444444
SEN;2022;0.446759259
SEN;1997;0.465277778
SEN;1995;0.481481481
SEN;2024;0.484953704
SEN;1996;0.5
SEN;2025;0.527777778
SGP;1989;0.791666667
SGP;1990;0.791666667
SGP;1991;0.791666667
SGP;1992;0.791666667
SGP;1993;0.791666667
SGP;1994;0.833333333
SGP;1988;0.847222222
SGP;1995;0.847222222
SGP;1996;0.847222222
SGP;2004;0.861111111
SGP;2005;0.861111111
SGP;2006;0.861111111
SGP;2007;0.861111111
SGP;2008;0.861111111
SGP;2009;0.861111111
SGP;2010;0.861111111
SGP;2011;0.861111111
SGP;2012;0.861111111
SGP;2013;0.861111111
SGP;2014;0.861111111
SGP;2015;0.861111111
SGP;2016;0.861111111
SGP;2024;0.861111111
SGP;2025;0.861111111
SGP;1997;0.864583333
SGP;2003;0.87037037
SGP;2023;0.875
SGP;2017;0.87962963
SGP;1984;0.884259259
SGP;1998;0.888888889
SGP;1999;0.888888889
SGP;2000;0.888888889
SGP;2018;0.888888889
SGP;2019;0.888888889
SGP;2020;0.888888889
SGP;2021;0.888888889
SGP;2022;0.888888889
SGP;2001;0.893518519
SGP;1985;0.902777778
SGP;1986;0.902777778
SGP;1987;0.902777778
SGP;2002;0.916666667
SLE;1993;0.166666667
SLE;1994;0.166666667
SLE;1995;0.166666667
SLE;1992;0.180555556
SLE;1996;0.226851852
SLE;2006;0.277777778
SLE;2007;0.277777778
SLE;2008;0.277777778
SLE;2005;0.282407407
SLE;2009;0.282407407
SLE;2012;0.287037037
SLE;2013;0.287037037
SLE;2025;0.300925926
SLE;2024;0.303240741
SLE;2003;0.305555556
SLE;2010;0.305555556
SLE;2011;0.305555556
SLE;2014;0.305555556
SLE;2015;0.305555556
SLE;2016;0.305555556
SLE;2022;0.305555556
SLE;2023;0.305555556
SLE;2017;0.30787037
SLE;2002;0.319444444
SLE;2004;0.319444444
SLE;1998;0.324074074
SLE;1991;0.326388889
SLE;1997;0.328703704
SLE;1999;0.333333333
SLE;2000;0.333333333
SLE;2001;0.333333333
SLE;2018;0.333333333
SLE;2021;0.340277778
SLE;2019;0.361111111
SLE;2020;0.361111111
SLE;1987;0.444444444
SLE;1988;0.444444444
SLE;1989;0.444444444
SLE;1990;0.444444444
SLE;1986;0.490740741
SLE;1985;0.5
SLV;1984;0.166666667
SLV;1985;0.166666667
SLV;1986;0.166666667
SLV;1987;0.166666667
SLV;1988;0.166666667
SLV;1989;0.166666667
SLV;1990;0.166666667
SLV;1991;0.166666667
SLV;1992;0.189814815
SLV;1993;0.342592593
SLV;1994;0.361111111
SLV;2017;0.361111111
SLV;2018;0.361111111
SLV;2014;0.37037037
SLV;2016;0.384259259
SLV;2019;0.386574074
SLV;2007;0.388888889
SLV;2008;0.388888889
SLV;2009;0.388888889
SLV;2010;0.388888889
SLV;2013;0.388888889
SLV;2015;0.388888889
SLV;2012;0.398148148
SLV;2022;0.400462963
SLV;2011;0.407407407
SLV;1995;0.416666667
SLV;1996;0.416666667
SLV;2021;0.425925926
SLV;2023;0.425925926
SLV;2006;0.43287037
SLV;2002;0.444444444
SLV;2003;0.444444444
SLV;2020;0.453703704
SLV;2005;0.458333333
SLV;2004;0.465277778
SLV;1997;0.488425926
SLV;2024;0.506944444
SLV;2001;0.541666667
SLV;2025;0.553240741
SLV;1998;0.555555556
SLV;1999;0.555555556
SLV;2000;0.555555556
SOM;1993;0.055555556
SOM;2018;0.055555556
SOM;2019;0.055555556
SOM;2020;0.055555556
SOM;2021;0.055555556
SOM;2022;0.055555556
SOM;2023;0.055555556
SOM;2024;0.055555556
SOM;2025;0.055555556
SOM;2017;0.064814815
SOM;2005;0.083333333
SOM;2006;0.083333333
SOM;2007;0.083333333
SOM;2008;0.083333333
SOM;2009;0.083333333
SOM;2010;0.083333333
SOM;2011;0.083333333
SOM;2012;0.083333333
SOM;2013;0.083333333
SOM;2014;0.083333333
SOM;2015;0.083333333
SOM;2016;0.083333333
SOM;1994;0.111111111
SOM;2004;0.118055556
SOM;1992;0.138888889
SOM;1995;0.143518519
SOM;1996;0.166666667
SOM;1997;0.166666667
SOM;1998;0.166666667
SOM;1999;0.166666667
SOM;2000;0.166666667
SOM;2001;0.166666667
SOM;2002;0.166666667
SOM;2003;0.166666667
SOM;1991;0.300925926
SOM;1990;0.337962963
SOM;1989;0.458333333
SOM;1985;0.472222222
SOM;1986;0.472222222
SOM;1987;0.472222222
SOM;1988;0.472222222
SRB;2025;0.460648148
SRB;2006;0.472222222
SRB;2007;0.472222222
SRB;2008;0.472222222
SRB;2009;0.472222222
SRB;2010;0.472222222
SRB;2011;0.472222222
SRB;2012;0.472222222
SRB;2013;0.472222222
SRB;2014;0.472222222
SRB;2015;0.472222222
SRB;2016;0.472222222
SRB;2017;0.472222222
SRB;2018;0.472222222
SRB;2019;0.472222222
SRB;2020;0.472222222
SRB;2021;0.472222222
SRB;2022;0.472222222
SRB;2023;0.472222222
SRB;2024;0.472222222
SUN;1984;0.381944444
SUN;1985;0.416666667
SUN;1986;0.458333333
SUN;1987;0.5
SUN;1988;0.569444444
SUN;1989;0.638888889
SUN;1991;0.666666667
SUN;1990;0.671296296
SUR;1986;0.25
SUR;1987;0.25
SUR;1988;0.25
SUR;1989;0.273148148
SUR;1990;0.305555556
SUR;1991;0.305555556
SUR;1992;0.305555556
SUR;1993;0.324074074
SUR;1994;0.384259259
SUR;1995;0.416666667
SUR;1996;0.416666667
SUR;2002;0.444444444
SUR;2003;0.444444444
SUR;2004;0.444444444
SUR;2005;0.444444444
SUR;2006;0.444444444
SUR;2007;0.444444444
SUR;2008;0.444444444
SUR;2009;0.444444444
SUR;2010;0.444444444
SUR;2011;0.444444444
SUR;2012;0.444444444
SUR;2013;0.444444444
SUR;2014;0.444444444
SUR;2015;0.444444444
SUR;2016;0.444444444
SUR;2021;0.444444444
SUR;2022;0.444444444
SUR;2023;0.444444444
SUR;2024;0.444444444
SUR;2020;0.449074074
SUR;1997;0.451388889
SUR;2017;0.456018519
SUR;2018;0.472222222
SUR;2019;0.472222222
SUR;2025;0.475694444
SUR;2001;0.490740741
SUR;1998;0.5
SUR;1999;0.5
SUR;2000;0.5
SVK;2025;0.5625
SVK;2024;0.601851852
SVK;2002;0.611111111
SVK;2003;0.611111111
SVK;2004;0.611111111
SVK;2005;0.611111111
SVK;2006;0.611111111
SVK;2007;0.611111111
SVK;2008;0.611111111
SVK;2009;0.611111111
SVK;2010;0.611111111
SVK;2011;0.611111111
SVK;2012;0.611111111
SVK;2013;0.611111111
SVK;2022;0.611111111
SVK;2023;0.611111111
SVK;2014;0.613425926
SVK;2021;0.634259259
SVK;2015;0.638888889
SVK;2016;0.638888889
SVK;2017;0.638888889
SVK;2018;0.652777778
SVK;2019;0.666666667
SVK;2020;0.666666667
SVK;2001;0.680555556
SVK;1998;0.703703704
SVK;1997;0.71875
SVK;2000;0.726851852
SVK;1999;0.75
SVK;1996;0.791666667
SVK;1994;0.805555556
SVK;1993;0.824074074
SVK;1995;0.826388889
SVN;2003;0.666666667
SVN;2004;0.666666667
SVN;2005;0.666666667
SVN;2006;0.666666667
SVN;2007;0.666666667
SVN;2008;0.666666667
SVN;2009;0.666666667
SVN;2010;0.666666667
SVN;2011;0.666666667
SVN;2002;0.680555556
SVN;2012;0.685185185
SVN;2013;0.694444444
SVN;2014;0.694444444
SVN;2015;0.694444444
SVN;2024;0.708333333
SVN;2025;0.717592593
SVN;2021;0.719907407
SVN;2023;0.719907407
SVN;2016;0.725694444
SVN;2022;0.726851852
SVN;2017;0.736111111
SVN;2018;0.736111111
SVN;2019;0.736111111
SVN;2020;0.736111111
SVN;2001;0.740740741
SVN;1999;0.75
SVN;2000;0.75
SWE;2025;0.865740741
SWE;2024;0.888888889
SWE;2023;0.912037037
SWE;2022;0.916666667
SWE;2021;0.935185185
SWE;2004;0.944444444
SWE;2005;0.944444444
SWE;2006;0.944444444
SWE;2007;0.944444444
SWE;2008;0.944444444
SWE;2009;0.944444444
SWE;2010;0.944444444
SWE;2011;0.944444444
SWE;2019;0.944444444
SWE;2020;0.944444444
SWE;2018;0.946759259
SWE;2012;0.962962963
SWE;2002;0.972222222
SWE;2003;0.972222222
SWE;2013;0.972222222
SWE;2014;0.972222222
SWE;2015;0.972222222
SWE;2016;0.972222222
SWE;2017;0.972222222
SWE;2001;0.99537037
SWE;1984;1
SWE;1985;1
SWE;1986;1
SWE;1987;1
SWE;1988;1
SWE;1989;1
SWE;1990;1
SWE;1991;1
SWE;1992;1
SWE;1993;1
SWE;1994;1
SWE;1995;1
SWE;1996;1
SWE;1997;1
SWE;1998;1
SWE;1999;1
SWE;2000;1
SYR;1984;0.201388889
SYR;1985;0.305555556
SYR;1986;0.305555556
SYR;1987;0.305555556
SYR;1988;0.305555556
SYR;1989;0.305555556
SYR;1990;0.305555556
SYR;1991;0.351851852
SYR;2021;0.402777778
SYR;2022;0.402777778
SYR;2023;0.402777778
SYR;2024;0.402777778
SYR;2015;0.430555556
SYR;2016;0.430555556
SYR;2017;0.430555556
SYR;2018;0.430555556
SYR;2019;0.430555556
SYR;2020;0.430555556
SYR;2025;0.440972222
SYR;2014;0.456018519
SYR;2013;0.458333333
SYR;2012;0.467592593
SYR;2001;0.472222222
SYR;2002;0.472222222
SYR;2003;0.472222222
SYR;2004;0.472222222
SYR;2005;0.472222222
SYR;2006;0.472222222
SYR;2007;0.472222222
SYR;2011;0.49537037
SYR;1992;0.5
SYR;2008;0.5
SYR;2009;0.513888889
SYR;2010;0.513888889
SYR;2000;0.518518519
SYR;1998;0.583333333
SYR;1999;0.583333333
SYR;1993;0.611111111
SYR;1994;0.611111111
SYR;1997;0.631944444
SYR;1995;0.638888889
SYR;1996;0.666666667
TGO;2003;0.25
TGO;2004;0.25
TGO;2005;0.25
TGO;2006;0.25
TGO;2007;0.25
TGO;2008;0.25
TGO;2009;0.25
TGO;2013;0.25
TGO;2014;0.252314815
TGO;2012;0.259259259
TGO;2010;0.270833333
TGO;2002;0.273148148
TGO;1998;0.277777778
TGO;1999;0.277777778
TGO;2000;0.277777778
TGO;2001;0.277777778
TGO;2011;0.277777778
TGO;2015;0.277777778
TGO;2016;0.277777778
TGO;2017;0.277777778
TGO;2018;0.277777778
TGO;2019;0.277777778
TGO;2020;0.277777778
TGO;2021;0.277777778
TGO;2022;0.277777778
TGO;2023;0.277777778
TGO;2024;0.277777778
TGO;2025;0.277777778
TGO;1984;0.305555556
TGO;1985;0.305555556
TGO;1986;0.305555556
TGO;1987;0.305555556
TGO;1988;0.305555556
TGO;1989;0.305555556
TGO;1990;0.305555556
TGO;1991;0.305555556
TGO;1992;0.305555556
TGO;1993;0.305555556
TGO;1997;0.326388889
TGO;1994;0.328703704
TGO;1995;0.361111111
TGO;1996;0.361111111
THA;2004;0.388888889
THA;2005;0.388888889
THA;2006;0.388888889
THA;2007;0.388888889
THA;2008;0.400462963
THA;2003;0.414351852
THA;2009;0.416666667
THA;2010;0.416666667
THA;2011;0.416666667
THA;2012;0.416666667
THA;2013;0.416666667
THA;2014;0.416666667
THA;2015;0.416666667
THA;2016;0.416666667
THA;2017;0.416666667
THA;2018;0.416666667
THA;2019;0.416666667
THA;2020;0.416666667
THA;2021;0.416666667
THA;2022;0.416666667
THA;2023;0.440972222
THA;2024;0.458333333
THA;2025;0.458333333
THA;2002;0.527777778
THA;2001;0.537037037
THA;1984;0.541666667
THA;1998;0.555555556
THA;2000;0.569444444
THA;1985;0.583333333
THA;1986;0.583333333
THA;1987;0.583333333
THA;1999;0.583333333
THA;1997;0.655092593
THA;1988;0.65625
THA;1989;0.680555556
THA;1990;0.680555556
THA;1991;0.680555556
THA;1992;0.703703704
THA;1996;0.725694444
THA;1993;0.736111111
THA;1994;0.736111111
THA;1995;0.736111111
TTO;2004;0.472222222
TTO;2014;0.472222222
TTO;2015;0.472222222
TTO;2016;0.472222222
TTO;2017;0.472222222
TTO;2018;0.472222222
TTO;2019;0.472222222
TTO;2023;0.472222222
TTO;2024;0.472222222
TTO;2025;0.472222222
TTO;2013;0.476851852
TTO;2005;0.488425926
TTO;2020;0.493055556
TTO;1984;0.5
TTO;1985;0.5
TTO;1986;0.5
TTO;2006;0.5
TTO;2007;0.5
TTO;2008;0.5
TTO;2009;0.5
TTO;2010;0.5
TTO;2011;0.5
TTO;2012;0.5
TTO;2021;0.5
TTO;2022;0.5
TTO;2003;0.502314815
TTO;1987;0.50462963
TTO;1988;0.555555556
TTO;1989;0.555555556
TTO;1990;0.555555556
TTO;1991;0.555555556
TTO;1992;0.555555556
TTO;1993;0.555555556
TTO;1994;0.555555556
TTO;1995;0.555555556
TTO;1996;0.555555556
TTO;1997;0.590277778
TTO;2002;0.592592593
TTO;1998;0.638888889
TTO;1999;0.638888889
TTO;2000;0.638888889
TTO;2001;0.638888889
TUN;1984;0.444444444
TUN;1985;0.444444444
TUN;1986;0.444444444
TUN;1987;0.444444444
TUN;1989;0.444444444
TUN;1990;0.444444444
TUN;1991;0.444444444
TUN;1988;0.453703704
TUN;2024;0.513888889
TUN;2025;0.513888889
TUN;2023;0.525462963
TUN;1992;0.555555556
TUN;1993;0.555555556
TUN;1994;0.555555556
TUN;2002;0.555555556
TUN;2003;0.555555556
TUN;2004;0.555555556
TUN;2005;0.555555556
TUN;2006;0.555555556
TUN;2007;0.555555556
TUN;2008;0.555555556
TUN;2009;0.555555556
TUN;2022;0.555555556
TUN;2011;0.564814815
TUN;1995;0.583333333
TUN;2013;0.583333333
TUN;2014;0.583333333
TUN;2015;0.583333333
TUN;2016;0.583333333
TUN;2017;0.583333333
TUN;2018;0.583333333
TUN;2012;0.592592593
TUN;2019;0.600694444
TUN;2010;0.601851852
TUN;2001;0.606481481
TUN;2021;0.608796296
TUN;1996;0.611111111
TUN;1997;0.611111111
TUN;1998;0.611111111
TUN;1999;0.611111111
TUN;2000;0.611111111
TUN;2020;0.652777778
TUR;1990;0.388888889
TUR;1991;0.416666667
TUR;1989;0.435185185
TUR;2022;0.444444444
TUR;2023;0.444444444
TUR;2024;0.444444444
TUR;2025;0.444444444
TUR;2021;0.451388889
TUR;2019;0.453703704
TUR;2018;0.458333333
TUR;1999;0.462962963
TUR;2014;0.467592593
TUR;2015;0.472222222
TUR;2016;0.472222222
TUR;2017;0.472222222
TUR;2020;0.472222222
TUR;1984;0.5
TUR;1985;0.5
TUR;1986;0.5
TUR;1987;0.5
TUR;1988;0.5
TUR;1998;0.5
TUR;2002;0.5
TUR;2011;0.5
TUR;2012;0.5
TUR;2013;0.5
TUR;2010;0.518518519
TUR;2000;0.527777778
TUR;2003;0.530092593
TUR;2001;0.546296296
TUR;1997;0.548611111
TUR;2004;0.555555556
TUR;2005;0.555555556
TUR;2006;0.555555556
TUR;2007;0.555555556
TUR;2008;0.555555556
TUR;2009;0.555555556
TUR;1996;0.606481481
TUR;1993;0.694444444
TUR;1994;0.694444444
TUR;1992;0.703703704
TUR;1995;0.703703704
TWN;2000;0.587962963
TWN;2001;0.592592593
TWN;1998;0.638888889
TWN;1999;0.638888889
TWN;2002;0.638888889
TWN;2003;0.638888889
TWN;2004;0.662037037
TWN;1997;0.663194444
TWN;2007;0.666666667
TWN;2008;0.678240741
TWN;2006;0.69212963
TWN;2005;0.694444444
TWN;2009;0.694444444
TWN;2010;0.694444444
TWN;2011;0.694444444
TWN;2012;0.694444444
TWN;2013;0.694444444
TWN;2014;0.694444444
TWN;2015;0.694444444
TWN;2016;0.694444444
TWN;2017;0.712962963
TWN;2018;0.722222222
TWN;2019;0.722222222
TWN;2020;0.722222222
TWN;2021;0.722222222
TWN;2022;0.722222222
TWN;2023;0.722222222
TWN;2024;0.722222222
TWN;2025;0.722222222
TWN;1985;0.75
TWN;1986;0.75
TWN;1987;0.75
TWN;1988;0.75
TWN;1989;0.75
TWN;1990;0.75
TWN;1991;0.756944444
TWN;1984;0.791666667
TWN;1992;0.791666667
TWN;1993;0.791666667
TWN;1994;0.791666667
TWN;1995;0.791666667
TWN;1996;0.791666667
TZA;1984;0.310185185
TZA;1985;0.333333333
TZA;1986;0.333333333
TZA;1987;0.333333333
TZA;1988;0.333333333
TZA;1989;0.425925926
TZA;1990;0.444444444
TZA;2021;0.444444444
TZA;2020;0.456018519
TZA;1991;0.465277778
TZA;2025;0.469907407
TZA;1998;0.472222222
TZA;1999;0.472222222
TZA;2000;0.472222222
TZA;2001;0.472222222
TZA;2002;0.472222222
TZA;2003;0.472222222
TZA;2004;0.472222222
TZA;2005;0.472222222
TZA;2013;0.472222222
TZA;2014;0.472222222
TZA;2015;0.472222222
TZA;2016;0.472222222
TZA;2017;0.472222222
TZA;2018;0.472222222
TZA;2019;0.472222222
TZA;2012;0.481481481
TZA;2022;0.486111111
TZA;2023;0.486111111
TZA;2024;0.486111111
TZA;2006;0.488425926
TZA;2011;0.5
TZA;2010;0.506944444
TZA;1997;0.523148148
TZA;1992;0.527777778
TZA;1993;0.527777778
TZA;1994;0.527777778
TZA;1996;0.527777778
TZA;2009;0.527777778
TZA;2008;0.537037037
TZA;2007;0.546296296
TZA;1995;0.564814815
UGA;1984;0.111111111
UGA;1985;0.111111111
UGA;1986;0.12037037
UGA;1987;0.208333333
UGA;1988;0.222222222
UGA;1989;0.222222222
UGA;1990;0.222222222
UGA;1991;0.243055556
UGA;1992;0.328703704
UGA;2022;0.416666667
UGA;2023;0.416666667
UGA;2024;0.416666667
UGA;2025;0.423611111
UGA;1993;0.430555556
UGA;2021;0.44212963
UGA;1996;0.444444444
UGA;2013;0.444444444
UGA;2014;0.444444444
UGA;2015;0.444444444
UGA;2016;0.444444444
UGA;2017;0.444444444
UGA;2018;0.444444444
UGA;2019;0.444444444
UGA;2020;0.444444444
UGA;1997;0.451388889
UGA;2012;0.453703704
UGA;1994;0.472222222
UGA;1995;0.472222222
UGA;2008;0.472222222
UGA;2009;0.472222222
UGA;2010;0.472222222
UGA;2011;0.472222222
UGA;2007;0.486111111
UGA;1998;0.5
UGA;1999;0.5
UGA;2000;0.5
UGA;2001;0.5
UGA;2002;0.5
UGA;2003;0.5
UGA;2004;0.5
UGA;2005;0.5
UGA;2006;0.5
UKR;2002;0.361111111
UKR;2003;0.361111111
UKR;2004;0.361111111
UKR;2013;0.388888889
UKR;2014;0.388888889
UKR;2015;0.388888889
UKR;2018;0.388888889
UKR;2012;0.398148148
UKR;2016;0.398148148
UKR;2005;0.400462963
UKR;2001;0.407407407
UKR;2025;0.414351852
UKR;2006;0.416666667
UKR;2007;0.416666667
UKR;2008;0.416666667
UKR;2009;0.416666667
UKR;2010;0.416666667
UKR;2011;0.416666667
UKR;2017;0.416666667
UKR;2024;0.416666667
UKR;2023;0.428240741
UKR;2000;0.435185185
UKR;2019;0.4375
UKR;2020;0.444444444
UKR;2021;0.444444444
UKR;2022;0.444444444
UKR;1998;0.472222222
UKR;1999;0.472222222
URY;1984;0.416666667
URY;1985;0.416666667
URY;1986;0.416666667
URY;1987;0.416666667
URY;1988;0.416666667
URY;1989;0.416666667
URY;1990;0.416666667
URY;1991;0.416666667
URY;1992;0.416666667
URY;1993;0.416666667
URY;1994;0.416666667
URY;1995;0.416666667
URY;1996;0.458333333
URY;2002;0.472222222
URY;2003;0.472222222
URY;2004;0.472222222
URY;2005;0.472222222
URY;2006;0.472222222
URY;2007;0.472222222
URY;2008;0.472222222
URY;2009;0.472222222
URY;2010;0.493055556
URY;2001;0.497685185
URY;1998;0.5
URY;1999;0.5
URY;2000;0.5
URY;2011;0.5
URY;2012;0.518518519
URY;2013;0.527777778
URY;2014;0.530092593
URY;1997;0.548611111
URY;2015;0.555555556
URY;2016;0.555555556
URY;2017;0.555555556
URY;2018;0.555555556
URY;2019;0.569444444
URY;2020;0.583333333
URY;2021;0.583333333
URY;2022;0.583333333
URY;2023;0.583333333
URY;2024;0.583333333
URY;2025;0.583333333
USA;2023;0.730324074
USA;2024;0.736111111
USA;2025;0.740740741
USA;2022;0.75
USA;2021;0.777777778
USA;2014;0.810185185
USA;2020;0.810185185
USA;2007;0.81712963
USA;2013;0.81712963
USA;2003;0.833333333
USA;2006;0.833333333
USA;2008;0.833333333
USA;2009;0.833333333
USA;2010;0.833333333
USA;2011;0.833333333
USA;2012;0.833333333
USA;2002;0.861111111
USA;2015;0.861111111
USA;2016;0.861111111
USA;2017;0.861111111
USA;2018;0.861111111
USA;2019;0.861111111
USA;2004;0.87962963
USA;1997;0.888888889
USA;1998;0.888888889
USA;1999;0.888888889
USA;2000;0.888888889
USA;2005;0.888888889
USA;2001;0.893518519
USA;1996;0.939814815
USA;1985;0.944444444
USA;1986;0.944444444
USA;1987;0.944444444
USA;1988;0.944444444
USA;1989;0.944444444
USA;1990;0.944444444
USA;1991;0.944444444
USA;1992;0.944444444
USA;1993;0.944444444
USA;1994;0.944444444
USA;1995;0.944444444
USA;1984;0.967592593
UZB;2021;0.666666667
UZB;2022;0.668981481
UZB;2023;0.736111111
UZB;2024;0.736111111
UZB;2025;0.736111111
VEN;2010;0.194444444
VEN;2011;0.194444444
VEN;2012;0.194444444
VEN;2013;0.194444444
VEN;2014;0.194444444
VEN;2015;0.194444444
VEN;2016;0.194444444
VEN;2017;0.194444444
VEN;2018;0.194444444
VEN;2019;0.194444444
VEN;2024;0.194444444
VEN;2009;0.201388889
VEN;2023;0.206018519
VEN;2020;0.215277778
VEN;2003;0.222222222
VEN;2021;0.222222222
VEN;2022;0.222222222
VEN;2025;0.22337963
VEN;2008;0.24537037
VEN;2007;0.25
VEN;2002;0.287037037
VEN;2004;0.305555556
VEN;2006;0.310185185
VEN;2005;0.333333333
VEN;2001;0.4375
VEN;1998;0.472222222
VEN;1999;0.472222222
VEN;2000;0.472222222
VEN;1984;0.5
VEN;1997;0.520833333
VEN;1985;0.555555556
VEN;1986;0.555555556
VEN;1987;0.555555556
VEN;1988;0.555555556
VEN;1989;0.555555556
VEN;1990;0.555555556
VEN;1991;0.555555556
VEN;1992;0.555555556
VEN;1993;0.555555556
VEN;1994;0.555555556
VEN;1995;0.555555556
VEN;1996;0.555555556
VNM;1985;0.361111111
VNM;1986;0.361111111
VNM;1987;0.37962963
VNM;1992;0.412037037
VNM;1988;0.416666667
VNM;1989;0.416666667
VNM;1990;0.416666667
VNM;1991;0.416666667
VNM;1993;0.453703704
VNM;2002;0.472222222
VNM;2003;0.472222222
VNM;2004;0.472222222
VNM;2005;0.472222222
VNM;2024;0.488425926
VNM;2001;0.490740741
VNM;2023;0.50462963
VNM;2017;0.509259259
VNM;1994;0.518518519
VNM;2018;0.520833333
VNM;2006;0.525462963
VNM;2011;0.527777778
VNM;2012;0.527777778
VNM;2013;0.527777778
VNM;2014;0.527777778
VNM;2015;0.527777778
VNM;2016;0.527777778
VNM;2019;0.527777778
VNM;2020;0.527777778
VNM;2021;0.527777778
VNM;2022;0.527777778
VNM;2010;0.541666667
VNM;2025;0.550925926
VNM;2007;0.553240741
VNM;1998;0.555555556
VNM;1999;0.555555556
VNM;2000;0.555555556
VNM;1997;0.578703704
VNM;2008;0.583333333
VNM;2009;0.583333333
VNM;1995;0.611111111
VNM;1996;0.611111111
YEM;2015;0.25
YEM;2016;0.25
YEM;2017;0.25
YEM;2018;0.25
YEM;2019;0.25
YEM;2020;0.25
YEM;2021;0.25
YEM;2022;0.25
YEM;2023;0.25
YEM;2024;0.25
YEM;2025;0.25
YEM;2014;0.275462963
YEM;2013;0.277777778
YEM;2012;0.287037037
YEM;2002;0.305555556
YEM;2003;0.305555556
YEM;2004;0.305555556
YEM;2005;0.305555556
YEM;2006;0.305555556
YEM;2007;0.305555556
YEM;2008;0.305555556
YEM;2009;0.305555556
YEM;2010;0.305555556
YEM;2011;0.305555556
YEM;2001;0.324074074
YEM;1999;0.361111111
YEM;2000;0.361111111
YEM;1998;0.416666667
YEM;1993;0.444444444
YEM;1992;0.476851852
YEM;1994;0.49537037
YEM;1990;0.5
YEM;1991;0.5
YEM;1997;0.520833333
YEM;1995;0.523148148
YEM;1996;0.555555556
YUG;1985;0.361111111
YUG;1986;0.361111111
YUG;1987;0.361111111
YUG;1988;0.361111111
YUG;1989;0.361111111
YUG;1984;0.418981481
YUG;1991;0.421296296
YUG;1990;0.423611111
ZAF;2003;0.37962963
ZAF;2023;0.388888889
ZAF;2024;0.402777778
ZAF;2002;0.405092593
ZAF;2004;0.416666667
ZAF;2014;0.416666667
ZAF;2015;0.416666667
ZAF;2016;0.416666667
ZAF;2017;0.416666667
ZAF;2018;0.416666667
ZAF;2025;0.416666667
ZAF;2022;0.418981481
ZAF;2005;0.425925926
ZAF;2013;0.4375
ZAF;2001;0.44212963
ZAF;2019;0.44212963
ZAF;2000;0.444444444
ZAF;2006;0.444444444
ZAF;2007;0.444444444
ZAF;2008;0.444444444
ZAF;2009;0.444444444
ZAF;2012;0.444444444
ZAF;1999;0.458333333
ZAF;2021;0.460648148
ZAF;2010;0.465277778
ZAF;2020;0.465277778
ZAF;2011;0.469907407
ZAF;1998;0.548611111
ZAF;1991;0.666666667
ZAF;1990;0.680555556
ZAF;1997;0.712962963
ZAF;1988;0.722222222
ZAF;1989;0.722222222
ZAF;1992;0.722222222
ZAF;1987;0.740740741
ZAF;1993;0.75
ZAF;1996;0.75
ZAF;1986;0.777777778
ZAF;1995;0.777777778
ZAF;1985;0.791666667
ZAF;1994;0.805555556
ZAF;1984;0.833333333
ZMB;1984;0.224537037
ZMB;1991;0.25
ZMB;1990;0.277777778
ZMB;1985;0.305555556
ZMB;1986;0.305555556
ZMB;1987;0.305555556
ZMB;1988;0.305555556
ZMB;1989;0.305555556
ZMB;2001;0.416666667
ZMB;2002;0.416666667
ZMB;2003;0.416666667
ZMB;2018;0.416666667
ZMB;2021;0.416666667
ZMB;2020;0.418981481
ZMB;2017;0.425925926
ZMB;2019;0.435185185
ZMB;2004;0.439814815
ZMB;2013;0.444444444
ZMB;2014;0.444444444
ZMB;2015;0.444444444
ZMB;2016;0.444444444
ZMB;1994;0.453703704
ZMB;1995;0.453703704
ZMB;2000;0.453703704
ZMB;2012;0.453703704
ZMB;2022;0.458333333
ZMB;2023;0.458333333
ZMB;2024;0.458333333
ZMB;1992;0.472222222
ZMB;1993;0.472222222
ZMB;1996;0.472222222
ZMB;1997;0.472222222
ZMB;1998;0.472222222
ZMB;1999;0.472222222
ZMB;2005;0.472222222
ZMB;2006;0.472222222
ZMB;2009;0.472222222
ZMB;2010;0.472222222
ZMB;2011;0.472222222
ZMB;2008;0.481481481
ZMB;2025;0.482638889
ZMB;2007;0.490740741
ZWE;2002;0.194444444
ZWE;2003;0.194444444
ZWE;2004;0.240740741
ZWE;2001;0.259259259
ZWE;2006;0.291666667
ZWE;2007;0.291666667
ZWE;2008;0.291666667
ZWE;2009;0.291666667
ZWE;2005;0.295138889
ZWE;2010;0.3125
ZWE;2011;0.319444444
ZWE;2012;0.337962963
ZWE;2013;0.347222222
ZWE;2014;0.347222222
ZWE;2015;0.347222222
ZWE;2016;0.347222222
ZWE;2017;0.347222222
ZWE;2018;0.347222222
ZWE;2019;0.347222222
ZWE;2020;0.347222222
ZWE;2021;0.347222222
ZWE;2022;0.347222222
ZWE;2023;0.347222222
ZWE;2024;0.349537037
ZWE;2000;0.365740741
ZWE;1984;0.412037037
ZWE;2025;0.415509259
ZWE;1989;0.444444444
ZWE;1990;0.444444444
ZWE;1991;0.444444444
ZWE;1988;0.465277778
ZWE;1998;0.5
ZWE;1999;0.5
ZWE;1985;0.527777778
ZWE;1986;0.527777778
ZWE;1987;0.527777778
ZWE;1997;0.571759259
ZWE;1992;0.638888889
ZWE;1996;0.657407407
ZWE;1993;0.675925926
ZWE;1994;0.694444444
ZWE;1995;0.694444444
